ID,star_distance,star_mass_kg,star_radius_m,star_temperature,planet_mass_kg,planet_orbital_period,planet_distance,planet_surface_gravity
1,283.803,1.4655906360253134e+30,932238000.0,4803.0,2.509419899827603e+27,3.5505852,0.0411436924215526,32.77122509004906
2,223.465,2.2307473236893758e+30,1426066731.0,6115.0,6.409425961796262e+26,19.1480951,0.145545770418509,8.37025086580606
3,1516.96,3.313486208531232e+30,1690551000.0,7366.0,2.4867657809305494e+27,0.5542332,0.015655099280768,32.475378536172975
4,542.026,2.0873829720120463e+30,1071378000.0,5999.1,6.4964753957328e+26,3.00782,0.0414445745650576,8.48393118665199
5,597.937,1.8049353151090003e+30,883539000.0,5652.8,5.4087691207027016e+26,6.5081212,0.0660526198117872,7.0634647603947105
6,825.004,2.2295045675201897e+30,1210518000.0,6114.0,1.2333750983042742e+27,2.3540172,0.0359783814422968,16.106994676246714
7,40.9223,1.1952729414740124e+30,382864581.0,3808.0,3.96867536016948e+25,80.6797247,0.3083881722656096,0.5182805537900635
8,78.6946,1.70577729167703e+30,580597826.4,5461.0,2.124632805780145e+25,11.8918633,0.0968812633775007,0.2774618146477079
9,826.265,1.5907278965584408e+30,507861000.0,5120.0,1.2829637777297393e+26,16.068638,0.1156969582990194,1.6754587283399403
10,252.762,1.5509596991444798e+30,521775000.0,4893.0,4.858561051757593e+25,29.88485741,0.1735021632563918,0.6344932462352437
11,383.487,1.6147876559938873e+30,626130000.0,5285.0,4.9871652459434523e+26,3.3422985,0.0408163696944919,6.512880321356771
12,304.645,2.147482660353896e+30,1036593000.0,5825.0,4.209487661249352e+25,12.8159,0.1099714352084023,0.5497289141210041
13,431.051,1.5708437978514603e+30,521775000.0,4913.0,2.884770624481071e+25,0.92785982,0.0172122050197068,0.376730364952176
14,225.888,6.065604542366991e+30,1266174000.0,9918.0,4.850276996398051e+27,1.90261,0.0435803077443133,63.3411407987031
15,50.1632,1.1652081842290576e+30,365242500.0,3765.0,2.085486847981019e+25,0.62425,0.0119620594038308,0.27234963316509175
16,914.221,1.9685257719910705e+30,660915000.0,5498.0,3.151080502130534e+27,60.323105,0.3000360397776704,41.150852601144535
17,197.572,1.6106119952654213e+30,1015722000.0,5754.0,1.6283771025031314e+27,3.24406,0.0399815990362221,21.265437705853103
18,1731.27,1.7696847849212654e+30,598302000.0,5493.0,6.718478954383548e+25,6.77030201,0.0673764200174541,0.8773851920596731
19,407.374,3.175490563504787e+30,765270000.0000001,7192.0,1.9241771741602374e+26,4.6512523,0.0637405714358205,2.5128374606366886
20,61.4592,1.2615267583656717e+30,454423587.3,4046.0,2.4959990074341884e+25,0.6047427,0.0120257357713848,0.3259595785575155
21,95.2649,1.3417789807470448e+30,465209720.09999996,4336.0,2.4269749868297055e+25,1.8289811,0.0256723456692889,0.3169455362443694
22,334.993,2.3910628695144064e+30,1022679000.0,6244.0,7.150622167810552e+26,3.8016435,0.0506924952709236,9.338199980454165
23,151.654,1.6173725888257947e+30,594712883.6999999,5290.0,4.76513718572115e+25,11.3123337,0.0920599164918461,0.6222927590115902
24,301.462,1.988409870698051e+30,626130000.0,5900.0,1.8978754108428099e+27,5.748145,0.0628045407734536,24.78489243106421
25,513.6,2.4047331873754555e+30,702657000.0,6255.0,6.696263411719435e+26,2.5087868,0.0384973245411306,8.744840014331334
26,791.163,1.710032488800324e+30,591345000.0,5272.0,2.334386755336657e+25,1.729366,0.0268161645832837,0.3048541769020899
27,562.401,2.019727326161545e+30,681786000.0,5863.0,7.843740482937174e+26,2.8048958,0.0391268135208825,10.243362815921063
28,245.089,2.0768941099441148e+30,742416255.0,5978.0,5.170647494529044e+25,2.6857229,0.038365835904909,0.6752494985639933
29,740.11,2.769183861551024e+30,855711000.0,6647.1,1.4263470124211426e+27,4.3721206,0.05843563457217041,18.6270695485373
30,639.004,2.2270190551818173e+30,834840000.0,5780.0,2.789876853938931e+27,2.1605156,0.0339690587387484,36.43379187366439
31,419.142,2.954031414155792e+30,1641852000.0,6895.0,6.864470704954629e+26,4.04163,0.0566598147309057,8.964506681865815
32,178.68,2.3040699376713664e+30,960065999.9999999,6174.0,5.9239853774629545e+26,3.4076,0.0465475368226614,7.736300260005705
33,688.573,1.5708437978514603e+30,577431000.0,5036.0,6.946224003684684e+25,49.499875,0.24392201538200103,0.90712706297695
34,736.788,2.0218648667725453e+30,827883000.0,5867.3,4.820663440488703e+26,5.7462418,0.0631353198799239,6.295440898610821
35,440.708,2.10895721910912e+30,869625000.0,6017.0,6.647095115493222e+26,4.3170598,0.0529151922481206,8.68062974394039
36,390.374,2.028178068112012e+30,751356000.0,5946.0,4.649794756564885e+25,172.7049784,0.6110018560645195,0.6072298645610732
37,141.812,2.619232902177008e+30,896367708.0,6446.0,6.692086776281547e+26,11.2366049,0.1076251719069421,8.739385627838923
38,211.877,2.386091844837661e+30,967022999.9999999,5940.0,5.902392527721139e+26,4.8996284,0.0599986868395981,7.70810154606097
39,543.277,1.651493702206973e+30,626130000.0,5356.0,7.669695742470816e+26,2.36011,0.0326096558873013,10.016072860742417
40,287.558,2.056512908769459e+30,960065999.9999999,5937.0,3.15423853644817e+27,6.8646554,0.0714861737734613,41.19209426559154
41,904.326,1.8094529823352264e+30,626130000.0,5529.0,7.255577695652062e+25,26.44,0.1683296675759436,0.9475264376395847
42,792.79,4.4200821881092834e+30,4723803000.0,8522.0,7.594904458067867e+26,10.95478,0.1259829094345525,9.918400804499004
43,141.436,1.4828235202457566e+30,502657164.00000006,4868.0,5.6835124544640484e+25,63.5862535,0.2827294567836385,0.7422259860142749
44,397.292,2.386091844837661e+30,897453000.0,6145.0,1.002078216925004e+28,217.83184,0.7553583448163343,130.86423203601908
45,416.25,2.962979258573933e+30,2149713000.0,6907.0,1.0994411935980408e+27,9.30992,0.0989249672388552,14.35791388724895
46,44.0727,1.1930459224188303e+30,389592000.00000006,3896.0,3.869767962708489e+25,10.054626,0.0769012852934944,0.5053639566693992
47,1262.02,2.562563220862113e+30,1398356999.9999998,6382.0,5.9299368490487994e+26,3.8996784,0.0527646591229189,7.744072455283592
48,609.128,2.6644692267353885e+30,960065999.9999999,6330.0,5.503838691444148e+27,4.43527,0.0582488750757332,71.8761880500862
49,138.018,1.6901483900933434e+30,563517000.0,5263.0,4.346134690830035e+25,12.20772,0.0982958651429521,0.5675740366713704
50,263.609,1.4515392056095773e+30,500904000.0,4546.0,4.611837248348028e+26,3.1316666,0.0377222163430164,6.022728860748604
51,453.429,2.877751040491138e+30,973979999.9999999,6792.7,3.2519944985910293e+27,7.2748135,0.0831121903327999,42.46871705777472
52,1491.76,1.94864167328409e+30,667872000.0,5692.0,1.7915943878356124e+26,80.8720639,0.3635635014823777,2.3396938454924614
53,433.047,1.928757574577109e+30,772227000.0000001,5345.0,8.897239926031093e+25,14.85888,0.11709918239498042,1.16191575716829
54,463.156,3.5942496822737973e+30,2101014000.0,7719.0,5.13470038675614e+26,9.1505,0.1042953733632252,6.705550639648136
55,489.141,2.028178068112012e+30,827883000.0,5746.0,1.1899678825984417e+26,4.662715,0.0549876558102641,1.5540127554277259
56,695.231,2.305312693840553e+30,890496000.0,6175.0,4.813241703800832e+26,11.4526165,0.1044589135786409,6.2857486425011935
57,730.625,1.6106119952654213e+30,647001000.0,5638.0,3.378218231300202e+25,13.722341,0.1045730349155297,0.44117108527294296
58,93.7714,1.698539479747689e+30,673541259.3000001,5447.0,4.454135188959456e+25,8.6078603,0.0779927859494593,0.5816781275581918
59,378.906,1.4902469184219691e+30,563517000.0,4896.0,3.231010967443492e+26,1.7561019,0.0258752744266165,4.219468718239706
60,505.742,2.059495523575506e+30,744399000.0,5943.0,2.0785802705946666e+26,1.0432995,0.0203684835000796,2.7144768366614365
61,822.134,2.4457441409586023e+30,1140948000.0,6059.0,2.4103017717703685e+26,394.6244904,1.1296952236633673,3.1476813387451545
62,96.5232,2.019031382706801e+30,841797000.0,5861.6,6.73050256447386e+25,12.6017,0.1065204173524376,0.8789553893498584
63,630.243,2.2493886662271702e+30,1356615000.0,6130.0,6.524296199550312e+26,4.0899751,0.0521516062126678,8.520263162187549
64,2497.51,1.9685257719910705e+30,681786000.0,5777.0,3.2643457066496326e+26,5.00731778,0.0570936403909658,4.263001498143043
65,374.442,2.682941554434173e+30,1143049014.0,6531.44,3.24953124040167e+27,4.0767575,0.0551881795400447,42.436548671533764
66,195.858,2.4057273923108044e+30,1203561000.0,6255.8,1.3362105512775913e+26,2.08839,0.0340713194923836,1.7449951977596418
67,1104.64,2.266787252595777e+30,1252260000.0,6171.0,3.340260723083345e+25,5.374943,0.0627369536884725,0.43621410678673006
68,276.105,2.781785409106573e+30,820926000.0,6664.0,8.020726417863973e+26,5.71547,0.069969416663629,10.474493760234424
69,209.69,2.2232907866742583e+30,758313000.0,6109.0,1.763380135466679e+26,5.00626,0.059443827966195704,2.302848054351916
70,817.874,2.2307473236893758e+30,1273131000.0,6115.0,3.47056061201253e+26,14.2197641,0.1193559663279351,4.532303382655673
71,147.476,1.6225424544896095e+30,588831435.9,5300.0,2.2854743306733334e+25,4.8416653,0.0523392639438149,0.2984665648549711
72,731.274,2.2866713513027586e+30,911367000.0,6054.0,2.030726689601807e+25,20.09838,0.1515813893399219,0.2651983490123871
73,556.008,2.2394466168736804e+30,904410000.0,6122.0,1.564949037768908e+27,2.9710609,0.0420810937585089,20.43711264691249
74,123.997,1.4372226545405512e+30,549603000.0,4696.0,3.5445947200415727e+25,4.99915,0.0513496958215729,0.4628986620830657
75,245.737,1.338597524953928e+30,535689000.0,4324.0,5.560449183455163e+26,1.8254385,0.0256189045209451,7.261548049623235
76,153.214,1.2091918105688987e+30,389592000.00000006,3858.0,3.761733929120559e+26,3.121339,0.0354126236102904,4.912554862920853
77,335.166,1.598761072436061e+30,619173000.0,5254.0,7.093292343061322e+26,2.1142259,0.029977438883426504,9.263331338846632
78,326.362,1.928757574577109e+30,612216000.0,5620.0,3.131494427890636e+25,19.57780075,0.1407361767215313,0.4089507251125595
79,1241.42,6.02122323405301e+30,1801863000.0,9856.0,4.040600700872027e+26,5.6148305,0.0894441116533886,5.276734877107818
80,912.594,2.0023287397929367e+30,1231389000.0,5828.0,5.8094193881160186e+26,4.895338,0.0565543472738746,7.58668529023478
81,737.668,2.9826148060470766e+30,1189647000.0,6424.0,1.8409391485175254e+28,4.193649,0.0582636524317855,240.4134565813228
82,465.99,4.2356189334918166e+30,1294002000.0,8388.0,5.729901027469772e+26,4.587373,0.0695206901765079,7.482840011263777
83,749.06,2.386091844837661e+30,904410000.0,6229.0,1.8238582698199406e+25,14.5564533,0.12399476905789941,0.23818281626252708
84,99.5473,2.043091142142248e+30,730485000.0,5910.0,3.0539683050206595e+25,8.4035402,0.0816275033719447,0.3988263691882864
85,880.941,2.244417641550425e+30,724724604.0,6126.0,3.7103273697328174e+27,2.9987287,0.0423732479101388,48.45421581284074
86,181.987,2.6811221594024846e+30,1309210002.0,6529.0,3.270824945123352e+27,19.3721051,0.1559513566057728,42.71462919145123
87,565.437,1.7972322152699165e+30,660915000.0,5637.9,6.787931401383275e+26,10.0460809,0.0880977718087266,8.864551837889932
88,209.618,1.991889587971772e+30,793097999.9999999,5807.0,1.3093428984489129e+26,15.196,0.12013614419045329,1.7099079690917574
89,314.782,1.681582320370376e+30,403506000.0,5414.2,1.795254136905357e+26,0.5348968,0.0121950931685286,2.344473215439513
90,622.818,1.5509596991444798e+30,521775000.0,4985.0,1.3550830433417665e+25,5.72717226,0.05767190085413419,0.17696413195779848
91,446.844,1.94864167328409e+30,702657000.0,5867.0,6.206052593455988e+25,158.6853308,0.5698218705261291,0.8104659824957997
92,372.335,2.0167447113554984e+30,883184193.0,5857.0,4.4554598490599616e+26,19.9679244,0.1447231488836959,5.818511186718928
93,904.752,1.8754681900424017e+30,939195000.0000001,5729.0,6.430878729354004e+26,3.2464257,0.0420796989993521,8.398266642459763
94,191.058,1.596269197186102e+30,610739028.9,5249.18,5.957287245466979e+25,47.0194326,0.2369478172525887,0.7779790112475351
95,342.831,1.989304655139865e+30,1244370762.0,5801.8,4.959756243132586e+26,9.4763689,0.0876517956214466,6.477086128417184
96,572.747,1.796198242137153e+30,772227000.0000001,5635.9,2.4261609880659943e+26,0.7430055,0.015519528400613701,3.1683923384073243
97,209.153,2.26305898408822e+30,1014734106.0,6141.0,8.147334882182808e+25,6.7021373,0.0726339924903757,1.0639835339090278
98,70.9819,1.4685069691767308e+30,543137859.9,4814.0,2.830777966918004e+25,8.3034103,0.0725374161558838,0.3696793109044626
99,176.617,2.47047498872541e+30,1147905000.0,6307.9,6.658441639551962e+26,0.7649571,0.0175974856238378,8.695447491019872
100,1052.24,1.8889893771631484e+30,716571000.0,5617.0,4.478985969589031e+25,6.885875,0.069639106875336,0.5849234613731153
101,89.9606,2.6644692267353885e+30,716571000.0,5600.0,4.0462703759168706e+27,8.15872,0.0874491353505608,52.841390663028896
102,139.078,1.838881448421557e+30,954284733.0,5706.0,6.858378942418414e+25,26.4543804,0.1692837944985536,0.8956551276663076
103,728.525,1.829337081042207e+30,591345000.0,5266.0,1.1558061252032711e+26,4.03046804,0.0482101887029064,1.5093999490518104
104,72.1096,1.520735869109869e+30,547291884.6,5011.0,3.725504948891636e+25,77.7647541,0.3260660210319424,0.4865242411706668
105,172.284,1.8277861213430624e+30,901689813.0,5697.0,1.0810376342840033e+26,85.4244796,0.3690872970226039,1.4117576594642067
106,346.457,1.4743396394563848e+30,605259000.0,4836.0,5.1983474036828856e+26,2.52618,0.0328554778219848,6.788669081410705
107,918.21,1.749800686214285e+30,584388000.0,5355.0,2.087662951927091e+26,3.72873109,0.0450997534552475,2.7263381674170635
108,610.074,2.0694375729289968e+30,848754000.0,5963.0,1.8197735655690787e+27,3.9589481,0.0496329087055648,23.764938316733055
109,127.28,2.425860042251622e+30,960065999.9999999,5675.0,4.327155936721607e+26,6.959503,0.0762332898632627,5.65095547428264
110,37.7873,1.6710668136101765e+30,511695002.7000001,5393.86,2.8639160103165656e+25,29.8893993,0.1778723630322366,0.3740069018322809
111,268.37,1.3127481966348533e+30,494667745.2,4230.0,3.991603536071611e+26,4.1598614,0.0440770103220459,5.212748092091927
112,127.774,2.644585128028408e+30,967022999.9999999,6380.0,1.6511516074332447e+28,5.6335158,0.0681463803013875,215.62856415025865
113,486.474,2.1872508577678563e+30,1015722000.0,5688.0,1.2563935219779405e+27,3.560829,0.0471126509222433,16.407598789364513
114,385.689,1.2033458855490466e+30,440842827.6,3837.0,5.612032298396623e+26,1.9416366,0.0257636784933196,7.328911900157322
115,1137.19,2.4196462614056907e+30,1196604000.0,6267.0,2.0974581583186342e+27,2.4802272,0.0382834159751178,27.391300048246972
116,726.828,1.4515392056095773e+30,486989999.99999994,4781.0,4.516943477805888e+25,9.69312032,0.0801166147346775,0.5898804398593281
117,72.7512,1.4209442050696332e+30,541775679.3000001,4634.6,5.427519996910551e+25,1.216835,0.0199424823163609,0.7087952060622356
118,10.6194,9.297804555384088e+29,215667000.0,3469.0,2.1800769584574247e+25,7.4507325,0.057946231503414,0.28470242355273423
119,616.305,6.020507406499559e+30,1483385453.9999998,9855.0,6.878563682477908e+26,2.4840296,0.0519295574305256,8.982911100298782
120,390.618,1.501912255004458e+30,562104729.0,4940.0,5.39399152258247e+26,3.497278,0.0410645785147528,7.044166276537081
121,795.894,5.863025344740272e+30,1982745000.0,9635.0,2.7889545244467694e+26,13.2689495,0.1572886421504393,3.642174691164074
122,83.6448,1.3521187120746747e+30,452205000.0,4222.06,4.042474625095186e+25,15.50192,0.1070037996536805,0.5279182087816677
123,97.7562,1.7689013514322104e+30,695700000.0,5583.1,4.019692149088346e+25,8.05147,0.0756107830684517,0.5249429807244578
124,215.482,1.3521187120746747e+30,514818000.0,4375.0,3.3877132716146416e+27,25.8944827,0.150629087750779,44.24110694756863
125,567.193,2.717659190776561e+30,1140948000.0,6578.0,2.747356809583274e+27,3.1874719,0.0470393869182257,35.878510573586304
126,323.847,1.1532777250048695e+30,368721000.0,3900.0,4.5549009860227435e+25,8.7522,0.06932023950258,0.5948374183455412
127,30.0346,8.37518237538019e+29,261485106.3,3353.0,3.6903623694841423e+25,7.4447733,0.0559325759841847,0.4819348722089916
128,178.68,2.6048169306144467e+30,932238000.0,6250.0,1.2013551350634986e+28,3.4095675,0.0485134910880786,156.88836908863644
129,298.64,2.505396437079544e+30,918324000.0,6330.0,1.6321728533248164e+27,3.128992,0.0452236611078983,21.31500749071522
130,1131.64,2.028178068112012e+30,674829000.0,5833.0,2.746225719489546e+25,20.4415,0.147292669233159,0.3586373934774992
131,143.184,1.8122765243516176e+30,876582000.0,5667.0,6.2450215553943e+26,4.4332062,0.0512058038336771,8.155550495877346
132,216.257,2.297707026085133e+30,912041759.43,6168.88,5.626397412275062e+25,8.7609931,0.0872769420908609,0.7347671709162855
133,626.691,1.869105278456168e+30,744399000.0,5735.81,5.6366899702031456e+25,14.3868,0.1134117337941495,0.7361113052026071
134,916.319,1.9685257719910705e+30,1787949000.0,4972.0,1.8561221518042682e+26,9.283188,0.0861619917695793,2.42396247975808
135,139.611,2.4867550945417505e+30,982251873.0000001,6321.0,3.628311902289259e+25,22.8910338,0.1699888184103679,0.47383152598333234
136,441.44,2.864925796825136e+30,1433142000.0,6775.5,5.013523958808333e+27,5.93815,0.0724832481923822,65.47302910913757
137,190.403,1.8153267450932685e+30,1043550000.0,5672.9,3.8151896530575187e+27,1.44119,0.0242231995752597,49.823642065707524
138,164.406,2.4047331873754555e+30,1012076532.0,6255.0,8.403050249926324e+25,10.6895417,0.1011798663655711,1.0973781279181178
139,53.6089,1.7547359195133575e+30,640346629.5,5555.7,5.674684676778054e+25,28.5803318,0.1754747012050887,0.7410731415277364
140,230.306,2.0246983508382907e+30,1127034000.0,5873.0,7.1911457743916525e+25,27.644092,0.1800061768593074,0.9391120905837003
141,142.488,2.669191700178296e+30,702657000.0,6513.0,2.698071230350297e+26,8.3249309,0.0886773606998939,3.5234876237679313
142,81.5511,1.2066864141318192e+30,412755331.5,3849.0,4.035393841724872e+25,16.2161775,0.1061523335973524,0.526993509229957
143,1047.03,1.988409870698051e+30,709614000.0,6012.0,2.4292805258787966e+25,27.666313,0.1790358868055733,0.31724662311762186
144,190.2254,7.68321574037727e+29,187143300.0,3266.0,7.300939385209242e+25,1.445433,0.0182226722896798,0.953450349134211
145,724.88,1.623059441055991e+30,834840000.0,5301.0,6.88716375307211e+26,2.8371201,0.0366546463752575,8.99414217602478
146,565.207,1.5907278965584408e+30,535689000.0,5066.0,5.8264775112874275e+25,22.18432708,0.1434498405798499,0.7608961976336714
147,33.4412,8.613791559863956e+29,231364774.8,3383.0,3.07863613046063e+25,3.4672779,0.0339226391275099,0.4020478103669065
148,240.737,2.2643017402574048e+30,660915000.0,6142.0,5.3137907618535e+25,3.3207277,0.0454882632029334,0.6939429831973825
149,1661.87,2.306555450009739e+30,862668000.0,6129.0,5.446902429118865e+25,7.03902374,0.0755324405362676,0.711326412771543
150,982.768,2.682613466805508e+30,1043550000.0,6531.0,2.1228582334368685e+27,13.70535,0.1238450157165238,27.72300682201608
151,95.1274,1.829337081042207e+30,626130000.0,5450.0,5.5645707045911196e+25,12.2737,0.1012866435003342,0.7266930460788027
152,123.032,9.186453602624996e+29,278087986.8,3455.0,4.549533395807045e+26,1.2540806,0.0175940304877614,5.941364495393166
153,955.191,2.596863291131655e+30,1474884000.0,6416.0,6.592353100802937e+26,1.1462769,0.0234301535483018,8.609140596770507
154,274.162,2.0724201877350437e+30,1078335000.0,5969.0,3.4079646821394437e+27,2.136,0.0329098459086557,44.50557585241188
155,348.494,2.028178068112012e+30,758313000.0,6150.0,1.7194751222235858e+27,3.40883,0.0446247901909475,22.455112542544175
156,694.491,3.591306835665164e+30,1808820000.0,7715.3,5.293405315775684e+27,6.53427,0.0833005687292847,69.12807900665196
157,768.578,3.163560104280599e+30,1627938000.0,7176.0,4.935437987364537e+26,7.2041454,0.0852208944842956,6.44532822956467
158,793.087,2.0129170223544043e+30,1085292000.0,5849.3,4.6598608220414374e+26,3.8348994,0.0481441680773869,6.085444205567674
159,82.2168,1.4695674557667095e+30,480032999.99999994,4818.0,3.8259777139914907e+25,28.6651992,0.1657291475539698,0.49964526408410265
160,1441.09,3.1710166412957167e+30,1189647000.0,7186.0,8.106651000023261e+26,3.6128161,0.0538347238186993,10.586705105290859
161,1245.8,3.739801284808894e+30,1349658000.0,7902.0,1.7013543007967536e+27,3.0518616,0.0508266879696971,22.2184676040721
162,782.847,1.999843227454565e+30,939195000.0000001,5823.0,2.939848181646117e+27,3.2409662,0.0429418479951666,38.392309911113344
163,890.006,3.046492473143251e+30,848754000.0,7019.0,1.3881782516923054e+27,1.3868302,0.0280574356396905,18.12861289353952
164,100.727,1.951823129077207e+30,756399825.0,5777.0,7.964616927003917e+25,13.7263454,0.1115019631760039,1.040121878721021
165,2435.94,1.6901483900933434e+30,563517000.0,5393.0,3.0935369196737796e+25,82.304003,0.3507999439326244,0.4039937466263466
166,294.001,2.266787252595777e+30,876582000.0,6100.0,2.036420315834335e+27,2.484193,0.0375028616165991,26.594189578531896
167,258.979,9.942049353490258e+29,326979000.0,3636.0,1.6454579812007166e+26,3.29030452,0.0343652862099192,2.1488501737732673
168,503.535,2.6542786261480606e+30,1099206000.0,6493.0,5.8078488582560364e+26,7.0955,0.0795676597621519,7.584634290816324
169,748.326,1.6702642913863629e+30,556560000.0,5176.0,4.630816002456456e+25,133.3036741,0.4819038650260682,0.6047513753179667
170,750.93,1.6702642913863629e+30,549603000.0,5008.0,1.706189994347686e+25,7.2810998,0.0693740398873204,0.22281618295526723
171,741.97,2.2391980656398427e+30,1238346000.0,6121.8,6.528295990957417e+26,2.3458931,0.0359475028878201,8.525486603052286
172,607.498,2.8101202497640206e+30,904410000.0,6702.0,7.044124046835108e+26,3.3414552,0.0490867722156689,9.199121068455687
173,653.6,2.028178068112012e+30,994851000.0,5736.0,5.048348592841875e+25,31.517586,0.1965808714816152,0.659278138666308
174,1037.4,2.306555450009739e+30,1217475000.0,6363.0,7.610480397479668e+25,12.309681,0.1096368198641747,0.9938741864856747
175,775.36,1.8722867342492847e+30,820926000.0,5727.0,7.282377119859722e+26,3.3691463,0.0431091816469283,9.510262503375444
176,1066.46,2.3463236474237e+30,883539000.0,6195.0,2.9417068868063557e+25,18.2206421,0.1432107728923711,0.3841658326814953
177,44.397,5.279228206703325e+29,209154552.29999998,2955.0,4.205729678148342e+25,0.298731,0.0056209460760727,0.5492381484659766
178,191.984,2.2767293019492684e+30,1607067000.0,6152.0,7.184758721420266e+26,11.19602,0.102465733825448,9.382779872492932
179,377.66,1.5088054098856812e+30,549603000.0,4966.0,5.903899137137283e+26,12.4724734,0.0960016167596428,7.710069069961718
180,179.493,2.795952829435297e+30,1061582544.0,6683.0,7.225384775316045e+25,210.9620266,0.7754121061831396,0.9435834586725115
181,558.58,1.6442558902776323e+30,862668000.0,5342.0,5.387195002991192e+26,2.1861681,0.0309417293263653,7.035290509138806
182,639.771,2.0878303642329526e+30,779184000.0000001,5919.0,8.236779283057795e+25,50.28638192,0.2710207818285478,1.0756643315081866
183,113.825,2.6247010293214275e+30,918324000.0,6394.0,7.971076725539802e+26,52.97818,0.3028506902872648,10.409654821046967
184,1493.43,1.8889893771631484e+30,647001000.0,5556.0,2.372344263553513e+25,3.27646405,0.0424441044199969,0.30981115538830273
185,140.941,2.634891629908755e+30,1098809451.0,6467.0,8.949868200961305e+25,13.340145,0.1209094831321018,1.1687886326243166
186,929.811,2.783773818977271e+30,1154862000.0,6613.0,2.1256204601439476e+29,24.66919569,0.1855461324891705,2775.9079522791917
187,1283.53,2.244417641550425e+30,2302767000.0,6126.0,8.178566130156094e+26,9.8482192,0.0936207481728548,10.680621110225912
188,975.983,2.4855123383725636e+30,1384443000.0,6320.0,5.905800295872587e+26,7.3447164,0.079656473151927,7.712551846991215
189,243.836,1.1930459224188303e+30,396548999.99999994,3830.0,2.657025575179934e+27,0.381078,0.0086769195238284,34.698849403489895
190,545.887,1.8024537795903693e+30,758313000.0,5648.0,6.024055052804298e+26,4.746318,0.0534923501889121,7.866984082809716
191,1115.62,2.783773818977271e+30,1050507000.0,6453.0,1.2127423875285554e+26,120.0181272,0.5327373467488798,1.5837546263450033
192,442.871,1.908873475870129e+30,605259000.0,5498.0,7.041787686289345e+26,38.47875707,0.2200612973029435,9.196069949057856
193,136.426,3.49960137242857e+30,1085292000.0,8720.0,6.418614639470384e+27,3.4741085,0.0542049617421459,83.82250620185917
194,491.978,1.6304960939724016e+30,542646000.0,5074.0,3.3023032148664896e+25,7.96431535,0.0730594082713772,0.4312571283005173
195,404.211,1.7264567543322898e+30,1328787000.0,5501.0,2.115444156574156e+27,3.3431609,0.0417435294217727,27.626184292745638
196,504.711,1.9704346454669405e+30,758313000.0,5788.7,1.2815665903204083e+27,1.3461076,0.0237869964482054,16.736341017365046
197,213.283,2.1872508577678563e+30,1147905000.0,5537.0,4.232262166179466e+26,11.63344,0.1037310798635585,5.527031012127319
198,545.117,3.765252931153829e+30,1405314000.0,7934.0,8.468134300156651e+26,9.9908116,0.1123132453582442,11.058776383428844
199,202.265,1.641670957445725e+30,635927543.1,5337.0,4.951885848697589e+25,41.7519076,0.2209591541933624,0.6466807957450482
200,2161.6,2.028178068112012e+30,709614000.0,5857.0,3.568005772384483e+26,98.7180406,0.4208270452742479,4.659559777040072
201,374.615,1.5708437978514603e+30,507861000.0,4825.0,2.239492984794516e+25,14.82009983,0.1091647315071042,0.29246173068655773
202,415.392,1.5013820136978782e+30,591345000.0,4938.0,6.494616768385453e+25,1.0268508,0.0181384864657702,0.8481503952566432
203,321.341,1.813827484050762e+30,633087000.0,5670.0,3.93241183860808e+26,4.9816296,0.0553620326094654,5.135447978182226
204,234.45,1.7342115528280123e+30,640044000.0,5516.0,5.9377068458745595e+26,4.942456,0.0542535688043051,7.754219514169331
205,650.592,1.9502324011806485e+30,1113120000.0,5776.0,3.8881633801370144e+27,4.7360504,0.0548367967713326,50.776626632358266
206,495.95,2.634145976207243e+30,1015722000.0,6466.0,4.6558493776793085e+26,2.7873031,0.0425698209286076,6.0802055467789815
207,550.038,2.625943785490613e+30,737442000.0,6455.0,2.1842477863965546e+26,2.7964132,0.042618201242887,2.852471037842669
208,680.747,3.293602109824252e+30,1043550000.0,7341.0,6.616543227206249e+27,3.329754,0.0516334196259385,86.40731167857241
209,759.341,1.8929661969045443e+30,1287045000.0,5740.0,6.303596348455534e+26,18.010652,0.1322816656507397,8.232044976858575
210,109.237,7.555957508652594e+29,257409000.0,3459.0,4.175325903854181e+25,6.51389,0.0494455691473956,0.5452676334834126
211,538.807,2.5252805357865246e+30,1120077000.0,5855.0,1.8978754108428104e+25,7.64971018,0.0822881178882982,0.24784892431064212
212,470.878,2.9030784112191546e+30,1140948000.0,7598.0,7.420692856395388e+27,3.6127647,0.0522777199060761,96.90892940546107
213,843.524,2.5513784153394365e+30,1001808000.0,6373.0,1.8037097336317835e+27,3.9491382,0.0531323378722395,23.55515618650368
214,378.28,1.999843227454565e+30,1099206000.0,5823.0,4.454854958209018e+26,2.5016871,0.0361343063220484,5.817721242627366
215,213.888,1.3733284180249235e+30,528732000.0,4455.0,3.004316676863567e+26,5.5809252,0.054428706744955,3.92342222463638
216,357.686,2.6858197777220084e+30,1078335000.0,6535.3,8.091707584528381e+26,3.97195,0.0542575962680463,10.567190075828055
217,639.239,3.0621512008749986e+30,1377486000.0,6392.0,2.2774504930113718e+26,38.58422849,0.2580790126580324,2.974187091727705
218,555.189,1.6106119952654213e+30,535689000.0,5053.0,2.049705443710235e+25,2.88890485,0.0370074987170255,0.2676768382554935
219,1014.58,2.7333179185083084e+30,1085292000.0,6599.0,3.221171164775544e+27,4.036755,0.0551675955639119,42.06618641291837
220,1122.48,1.869105278456168e+30,647001000.0,5635.0,8.00903423375666e+25,3.60930891,0.045112603150173,1.0459224605909099
221,29.661,1.212930021125811e+30,417420000.0,4340.0,2.9208302572870844e+25,1.2089819,0.018837750710044,0.3814394945140782
222,275.377,2.601337213340725e+30,1034262405.0,6422.0,6.979144284858607e+26,15.151486,0.1310593820036236,9.11426215719193
223,360.313,1.789568883628246e+30,605259000.0,5171.0,3.39719698540863e+27,1.48224686,0.0245659613121752,44.364957451604944
224,976.643,2.2270190551818173e+30,1175733000.0,5946.0,4.668773510673312e+26,17.324,0.1360851361168471,6.097083538041796
225,467.976,2.38982011334522e+30,1314873000.0,6243.0,4.431208569315163e+26,9.3108074,0.0920899798542386,5.7868407537518065
226,701.717,2.5153384864330348e+30,1006246566.0,6344.0,5.064560464754841e+27,3.05631,0.0445754933796661,66.13952929282448
227,645.065,1.774019518439387e+30,730485000.0,5593.0,5.1543417461067545e+26,3.4711465,0.0431917206425853,6.731200847028645
228,807.308,1.6503801926793823e+30,514818000.0,5288.0,5.370987412685152e+25,19.65640068,0.133968058269963,0.7014124557991172
229,67.3975,1.767815679642809e+30,614076997.5,5581.0,1.8088823247405213e+25,7.1887332,0.0700938071774306,0.23622706518568423
230,41.9091,1.5574816835203694e+30,537183363.5999999,5149.6,5.259948036447889e+25,10.3557525,0.0857092778861323,0.6869115092146896
231,983.174,1.710032488800324e+30,528732000.0,5165.0,4.9724335764081625e+25,24.22030067,0.1558087122960634,0.6493641816938823
232,148.762,1.053857231469967e+30,375678000.0,3659.0,7.591501643371242e+26,6.387597,0.0545284136320263,9.913956972425687
233,280.355,1.5398246038685707e+30,786140999.9999999,5083.0,1.2229404730144375e+27,3.5506084,0.0418271250033239,15.970725949706745
234,872.374,2.707965692656908e+30,1565325000.0,6565.0,2.1030873649660925e+27,5.0949767,0.0642305438709696,27.464813451936376
235,221.673,1.7941819945282654e+30,716571000.0,5632.0,6.5462506325154e+26,3.7063965,0.0452921038735078,8.548934077902878
236,786.783,2.824287670092744e+30,730485000.0,6721.0,2.7981095527898545e+26,0.3859142,0.0116608236657207,3.6541305019296475
237,769.96,1.5894553142411938e+30,939195000.0000001,5236.0,4.909574348585703e+26,3.0653625,0.0383268458178663,6.411552171276175
238,1484.25,2.803657917684252e+30,1356615000.0,6203.0,3.6249420347097667e+25,13.5396293,0.1246761706348271,0.47339144543332634
239,248.964,1.357686259712629e+30,528732000.0,4396.0,2.9431469377318408e+26,2.967599,0.0355879001625388,3.8435389300979446
240,240.34,2.3759012442503335e+30,1057464000.0,6231.8,1.3370895902316317e+26,6.7018963,0.073819937979906,1.746143159622372
241,992.071,1.789568883628246e+30,598302000.0,5419.0,3.681878297035052e+26,10.52629406,0.0907619329370575,4.808269131626457
242,879.147,2.1078387385568529e+30,987894000.0,6016.1,7.06442837202424e+26,3.2637419,0.0439058184469199,9.2256370616986
243,688.773,1.7171509961374228e+30,967022999.9999999,5483.0,3.777537556645401e+26,1.7519943,0.0270846794412295,4.933193267633093
244,830.638,2.6644692267353885e+30,1015722000.0,6406.0,6.111158822913847e+25,22.20813214,0.170483435757886,0.7980735362802674
245,441.932,2.5072605713333236e+30,1113120000.0,6337.5,4.557695601871584e+27,16.0475029,0.1345149467892794,59.52023751430418
246,617.763,1.7781554109704393e+30,730485000.0,5601.0,2.045816317418336e+26,4.7277153,0.0531116582262958,2.6716894623979615
247,128.491,1.8230815435889907e+30,792444042.0,5687.9,5.11446563767957e+25,2.068559,0.0308659549791305,0.6679125507820877
248,191.532,1.9502324011806485e+30,876582000.0,5776.0,4.597225999007557e+26,5.34326,0.0594290433373126,6.00364761647313
249,170.592,1.813775785394124e+30,965812482.0,5669.9,1.2423837093551642e+26,5.6318074,0.06007938446546351,1.622464067902118
250,420.042,1.411771008195616e+30,473076000.00000006,4445.0,3.681878297035051e+25,10.99469878,0.0863338101041567,0.48082691316264564
251,179.943,1.789568883628246e+30,591345000.0,5413.0,4.782646035323881e+25,6.42904,0.065335741279371,0.624579289262818
252,215.246,2.386091844837661e+30,740377854.0,6240.0,3.8685476288193174e+25,4.7842484,0.0590478303111302,0.5052045898110674
253,27.6227,9.544367379350645e+29,333936000.0,3553.0,9.195206365533414e+25,24.245586,0.1283733191865544,1.200828038285061
254,285.111,1.3521187120746747e+30,466119000.0,4668.0,1.973790427276522e+25,4.069427,0.0438696712746727,0.2577628812830678
255,156.264,1.0339731327629864e+30,354807000.0,3732.0,3.4920907559507702e+25,13.81499958,0.0906165659014289,0.4560420207315815
256,561.229,1.5310756004374993e+30,570474000.0,5052.0,2.315408001228228e+25,9.76298046,0.0819453704497145,0.30237568765898337
257,275.358,3.559253668549512e+30,1127034000.0,6570.0,2.0990502043921478e+27,3.85298,0.05840563471335549,27.412091028757015
258,519.27,2.030663580450385e+30,834840000.0,5885.0,1.692815343688657e+26,1.75807,0.0287079719978928,2.2106954945133306
259,1298.66,2.200921175628905e+30,1154862000.0,6091.0,5.502256945140491e+26,0.5465382,0.0135325899662019,7.18555315771874
260,1441.63,1.869105278456168e+30,633087000.0,5644.0,2.3723442635535123e+26,240.7989397,0.7419891705717974,3.0981115538830264
261,278.462,2.0269353119428256e+30,1363572000.0,5877.5,4.8011930683253533e+27,4.8294038,0.0562740347613784,62.70013988240181
262,1337.61,1.928757574577109e+30,619173000.0,5699.0,3.643920788818195e+26,24.806,0.1647913097268435,4.758699346764329
263,33.7173,7.396884718996749e+29,214151069.69999996,3230.0,3.6210299441253967e+25,7.7507939,0.0551246892847653,0.4728805544456449
264,348.135,1.590489287373957e+30,647055960.3,5238.0,3.709896764576603e+26,3.0182536,0.0379413820359944,4.844859241816684
265,276.632,2.771346257285409e+30,1182690000.0,6650.0,9.042725171612528e+26,10.3380912,0.1037423898240016,11.809150873742785
266,258.979,1.017270489849123e+30,394676871.3000001,3579.0,2.3764688402688813e+26,3.2897457,0.0346220500048868,3.1034979554155004
267,1845.58,2.067946265525973e+30,737442000.0,5904.0,2.182556722469232e+25,26.0840594,0.1744082942284819,0.28502626295723843
268,1619.19,3.395408695203992e+30,1600109999.9999998,7469.0,3.1522477201805827e+27,5.3441681,0.0715017225174983,41.16609563219323
269,1397.04,2.3264395487167199e+30,883539000.0,6179.0,2.5051955423125087e+29,2.14463285,0.0342980812092534,3271.6058009004755
270,471.152,1.947050945387532e+30,897453000.0,5774.0,6.611861153384696e+26,4.8984239,0.0560525997981333,8.634616715066581
271,397.789,2.878720390303104e+30,1008765000.0,6794.0,7.136488765541022e+26,12.35611,0.11832778924706971,9.319742770200323
272,56.3228,1.956595312766882e+30,420470644.49999994,5780.0,1.2114040247675834e+26,24.7103905,0.165140078721722,1.582006820515657
273,1144.86,2.067946265525973e+30,730485000.0,6105.0,5.143242363384015e+25,14.12841,0.11588997624014968,0.6716705848818402
274,253.221,2.4743275328498872e+30,980937000.0,6311.0,1.1402416869164578e+26,3.3784254,0.0473944728211963,1.4890739083388798
275,184.125,3.698442359498375e+30,1425878892.0,7850.0,4.2752673739157724e+27,3.112361,0.0513056672203022,55.83192730732789
276,1664.64,2.4059759435446416e+30,848754000.0,6340.0,1.548666335247733e+26,20.8613,0.1580502802570972,2.02244722237484
277,2140.6,2.783773818977271e+30,1092249000.0,6564.0,5.2191573798177274e+25,5.19104016,0.0656424585861435,0.6815845418542659
278,400.905,2.005311354598984e+30,962814015.0,5834.0,5.75424008395232e+26,17.7837633,0.133713563317449,7.514625074358393
279,494.182,2.1275985616469148e+30,779184000.0000001,6125.0,4.2891984285047494e+27,1.3484978,0.024434342386666,56.013856894205105
280,481.258,1.6723799594887855e+30,626130000.0,5396.4,4.093042224861813e+26,3.2523102,0.0405513550401088,5.345219748326563
281,94.6375,1.5256406141203944e+30,528732000.0,5029.5,3.5760804731074543e+25,8.9533084,0.0772512511369588,0.46701047573737914
282,52.5122,8.200202306758762e+29,282813181.2,3331.0,4.609429793389375e+25,8.0239925,0.05838495417167721,0.6019584897143723
283,198.251,1.6370180783482914e+30,618628962.6,5328.0,6.973572748951258e+26,4.6182208,0.0508666768410093,9.10698613067562
284,73.8713,1.848187206616424e+30,751356000.0,5711.85,3.023010540894073e+25,15.923274,0.12088413596651539,0.3947835071047161
285,500.216,2.2257762990126307e+30,883539000.0,6111.0,4.545992131099198e+26,5.2013369,0.061000899580317305,5.93673985752956
286,1025.86,2.61625028737096e+30,1287045000.0,6442.0,6.403946776506406e+26,3.525723,0.0496772600253326,8.363095442576322
287,41.9091,1.5574816835203694e+30,537183363.5999999,5149.6,1.0371825161854611e+26,33.6896948,0.1881791253730725,1.35448601884891
288,113.048,1.3180373668909102e+30,476314483.5,4249.0,6.525092661945226e+25,1.9268755,0.0264227139230264,0.852130328498331
289,551.886,1.789568883628246e+30,1878390000.0000002,4898.0,2.467238034095653e+28,3650.0,4.478673371919858,322.2036016038348
290,618.0,1.5509596991444798e+30,514818000.0,4919.0,2.638046821071506e+25,15.36262753,0.1113391161589574,0.34451000479179256
291,48.4809,7.834334890550321e+29,172068176.7,3285.0,2.978298683877569e+25,6.3876114,0.0493922466504732,0.38894445908177416
292,200.326,1.3359463124558004e+30,489105623.7000001,4314.0,3.700440372597029e+26,4.2795548,0.0451815516515904,4.832509871744196
293,1012.41,1.7299165875073044e+30,577431000.0,5232.0,8.863078168635925e+25,105.9564148,0.4183731662899931,1.1574544765306987
294,622.381,2.2506314223963563e+30,946152000.0000001,6131.0,5.537469859810711e+26,3.5948606,0.0478617500068468,7.231538700146841
295,279.485,2.0480621668189925e+30,667872000.0,5587.0,5.972613917922322e+27,2.350621,0.0349440617272101,77.99805648055907
296,103.69,1.533461692282337e+30,521775000.0,5059.0,3.0999046712522397e+25,0.99114,0.0178407616599853,0.4048253293371937
297,264.78,2.067946265525973e+30,793097999.9999999,5552.0,7.823042443494063e+25,9.03077,0.0859937461596503,1.0216332660084666
298,135.086,2.5901524078180484e+30,866229984.0,6407.0,6.449877961538115e+25,11.7915574,0.1107273648915646,0.842307827778976
299,730.421,3.801839672774673e+30,1036593000.0,7980.0,2.8186628792328898e+26,5.436841,0.0751037172482963,3.680971672961256
300,338.831,1.9645489522496743e+30,2398467561.57,5785.0,6.682908745688482e+26,11.1296402,0.0971644611850748,8.727399777783722
301,232.964,1.869105278456168e+30,647001000.0,5622.0,5.200178625709299e+25,13.97896,0.1112581310958458,0.6791060526111593
302,1425.47,2.167366759060876e+30,779184000.0000001,5971.0,2.694983083396791e+25,11.30119217,0.1014372749624971,0.3519454725211119
303,173.996,2.0432651280059337e+30,789542973.0,5910.35,5.927437650792785e+25,7.1566025,0.0733407336726217,0.7740808681508698
304,107.796,1.5907278965584408e+30,514818000.0,4903.0,5.314051150359869e+25,16.1457,0.11606656969616871,0.693976988069798
305,591.2494212,2.1275985616469148e+30,737442000.0,5878.3,6.775415216708833e+25,29.9221,0.1929427838306792,0.8848206597889924
306,587.395,1.801936793023988e+30,647001000.0,5647.0,3.143214643617771e+26,4.0646554,0.0482349039143108,4.104813012737044
307,1026.43,1.928757574577109e+30,904410000.0,5551.0,3.1504731819990647e+25,3.38802,0.0437045972807419,0.411429214355666
308,383.166,2.273249584675547e+30,994280525.9999999,6149.2,7.118349081130481e+27,7.3838367,0.0775954353807523,92.96053642648528
309,368.03,3.1615716944099014e+30,1648809000.0,6279.0,1.8029816403006696e+27,5.031623,0.06707752116421,23.545647809511003
310,493.871,1.695075669752933e+30,755787609.0,5440.3,4.3909220643091374e+26,7.2147718,0.0692857370729943,5.734229466030107
311,42.8091,7.754798495722399e+29,229682572.2,3275.0,3.177744323140088e+25,9.0105382,0.061914124931458606,0.4149906299037628
312,2005.29,4.0773109180868e+30,2427993000.0,8273.0,5.032265093221698e+27,1.2195048,0.0283800200506463,65.71777489056117
313,165.589,2.087333261765279e+30,667872000.0,5999.0,6.178222717794012e+25,6.49052,0.0692068907435324,0.8068316002243857
314,585.187,1.908873475870129e+30,647001000.0,5593.0,5.010391084625019e+25,2.75235975,0.0379198354659469,0.6543211601800952
315,439.841,2.342595378916141e+30,702657000.0,6205.0,2.0563614635848475e+26,2.8300213,0.0413546778577243,2.6854606673945405
316,142.488,2.2270190551818173e+30,709614000.0,6047.0,2.2774504930113718e+27,8.3248762,0.0834892252914934,29.741870917277048
317,95.9115,2.167366759060876e+30,681786000.0,5669.0,2.7139618375052182e+25,4.72674,0.0567312748656655,0.3544239617642182
318,427.611,1.430329499659328e+30,688743000.0,4670.0,6.92463925976875e+27,1.0851937,0.0185175113592041,90.43082501452325
319,306.063,2.0480621668189925e+30,758313000.0,5788.0,3.685674047856738e+27,15.168865,0.12112125630675831,48.13226110112671
320,390.775,2.400383540783304e+30,1245303000.0,6251.5,3.5601591792050154e+27,7.31523,0.0785256034061987,46.493126888069696
321,891.462,2.366207746130681e+30,890496000.0,6108.0,1.804879515711512e+25,25.745718,0.180838776570902,0.23570432701942062
322,2065.59,1.988409870698051e+30,688743000.0,5728.0,1.7251687484561143e+25,16.5861762,0.1272926763188214,0.2252946721983737
323,349.025,3.3893639291970697e+30,1168776000.0,7461.4,2.7712466104879464e+27,2.691956,0.0452394293069306,36.19049424872065
324,37.3312,9.083056289348697e+29,281343167.1,3442.0,3.404086652725071e+25,4.1782902,0.0390998850560511,0.4445493156810819
325,332.852,1.8288200944758253e+30,834840000.0,5699.0,5.566979279296265e+26,3.4932955,0.0438173682842398,7.27007588670156
326,163.356,1.191455194522272e+30,396548999.99999994,3798.0,2.6310637403273433e+26,4.7150942,0.0463929404310699,3.435980645027055
327,58.2609,1.3521187120746747e+30,480032999.99999994,4250.0,1.8485306501608968e+27,8.350381,0.0708401925402538,24.14048522785654
328,527.819,1.7910800751299764e+30,967022999.9999999,5626.0,8.802454201536092e+26,1.862908,0.028615303158857,11.495374209920191
329,415.04,2.2742437896108958e+30,848754000.0,6150.0,7.4294540186544615e+25,3.66275,0.0486313436612303,0.9702334390439059
330,1382.82,2.1872508577678563e+30,807012000.0,5956.0,6.433797642757125e+25,77.2548396,0.3664830779640234,0.8402078534130766
331,279.35,2.2270190551818173e+30,1043550000.0,5900.0,1.8599179026259538e+27,9.38755,0.0904510093271,24.289194582442928
332,512.0,1.3322346133676942e+30,466119000.0,4699.0,3.605963280601339e+25,12.718092,0.0933137143508821,0.47091295619022006
333,780.256,1.6901483900933434e+30,723528000.0,5180.0,1.296248905605639e+26,24.664551,0.1570945139595493,1.6928081530416854
334,903.312,2.0709288803320197e+30,1099206000.0,5966.0,8.002981130942562e+26,4.6546551,0.0553026332613436,10.45131968753224
335,605.68,1.6702642913863629e+30,528732000.0,5302.0,1.9927691813849505e+25,2.735926,0.0361245041170228,0.26024137052617424
336,130.409,1.8009028198912247e+30,793097999.9999999,5645.0,3.950318350045645e+25,3.9919239,0.0476486580166277,0.5158832598545613
337,1131.19,1.710032488800324e+30,542646000.0,5331.0,5.352008658576725e+25,15.7259,0.11682856921839858,0.6989339665560108
338,641.374,1.7696847849212654e+30,556560000.0,5351.0,5.921371281829566e+25,4.59238005,0.0520149019808207,0.7732886438492034
339,1176.12,2.067946265525973e+30,1106163000.0,5740.0,4.5738797401311717e+27,3.7681,0.0480173985457668,59.731590758864755
340,125.077,2.0167447113554984e+30,849164463.0,5857.0,4.719343919295549e+25,722.2619756,1.5828701230304345,0.6163124866715762
341,67.5062,1.5708437978514603e+30,493947000.0,5033.0,1.2622769357515528e+26,24.3645,0.152061732326515,1.6484431955900807
342,226.63,1.6442558902776323e+30,688743000.0,5342.0,5.5550763171458196e+26,3.8224667,0.0449074113392444,7.254531471360892
343,185.932,2.147482660353896e+30,667872000.0,5475.0,2.406506020948683e+27,1.7554137,0.0292213409692602,31.42724360258942
344,664.006,6.090658506737786e+30,1655766000.0,9953.0,2.5313588745974697e+26,4.12066,0.0730519281314877,3.3057732374253512
345,983.697,1.789568883628246e+30,591345000.0,5286.0,4.441028461372176e+26,10.50682565,0.0906499887835636,5.799664828869027
346,737.108,6.107122540467165e+30,1822734000.0,9976.0,4.770351446582407e+26,6.56034,0.0996924315180109,6.229737041032196
347,232.801,1.4714233043165578e+30,486989999.99999994,4444.0,6.357882626323414e+26,4.024867,0.0447937577496549,8.302938964406511
348,171.205,1.583561667384445e+30,793097999.9999999,5224.6,2.587267695498839e+27,7.39143,0.0688329502540172,33.7878614986794
349,1591.04,2.2866713513027586e+30,848754000.0,6125.0,1.216538138350241e+26,4.28686431,0.0541125922723444,1.5887116048312155
350,95.3428,1.780223357235965e+30,721120878.0,5605.0,4.162389415691253e+25,43.8279601,0.23447223074011303,0.5435782208606339
351,550.383,1.7696847849212654e+30,584388000.0,5350.0,5.940350035937994e+25,14.53244172,0.1121144601224594,0.7757671330923097
352,314.443,1.7610948542798497e+30,786140999.9999999,5568.0,6.956934948247088e+26,2.0434526,0.0302647000108672,9.08525835558636
353,40.0268,1.2929834025201145e+30,501658138.8,4159.0,4.5945246390627795e+25,739.1670007,1.3837095343095682,0.6000119834024061
354,86.2732,1.6907846812519667e+30,586963481.4,5432.0,1.0142776082358683e+26,10.3161869,0.0878633952040602,1.3245738509357388
355,1069.45,1.7696847849212654e+30,591345000.0,5347.0,7.68639541391338e+25,469.63111,1.1374693984865654,1.0037881434581004
356,86.1759,1.0451082280388956e+30,353156799.6000001,3614.0,5.195246427091601e+25,1.2393057,0.0182223814031866,0.678461942826661
357,597.873,1.8881940132148693e+30,841797000.0,5737.0,6.628681890299717e+26,2.4993895,0.0354272339051414,8.656583391733987
358,69.3223,1.727232234181862e+30,688743000.0,5502.5,7.952475269063048e+25,8.81866,0.0797047840200308,1.0385362652277432
359,114.495,2.03329822352906e+30,914031531.0,5890.3,6.7505720275808995e+25,13.0393586,0.1092287402991759,0.881576317369766
360,310.301,1.6901483900933434e+30,556560000.0,5203.0,1.0817889841804017e+26,16.08066115,0.11811765331496792,1.41273886857066
361,181.69,2.3264395487167199e+30,967022999.9999999,6069.0,1.612245161510967e+26,19.49221,0.1493740797608825,2.1054766120189043
362,21.9814,8.184295027793178e+29,260288502.3,3329.0,2.9728409635586085e+25,12.2521769,0.0773692422013865,0.3882317199301341
363,364.477,1.556871903830552e+30,2240154000.0,5147.3,6.032616118263056e+27,7.68666,0.0702546627623891,78.7816422062479
364,60.6931,1.2094701879507964e+30,405200725.2,3859.0,4.151762452115781e+25,16.7961107,0.1087518416263126,0.542190415593849
365,178.43,1.9184178432494795e+30,647001000.0,5756.0,1.9069576025233784e+27,8.42426,0.0800635154026961,24.903499344118234
366,253.619,1.5050141744027467e+30,1843605000.0,4951.7,3.2537341538224965e+26,6.5224,0.0622612107138768,4.249143570807848
367,68.4487,1.797800900492936e+30,609683652.0,5639.0,3.6001164958231553e+25,12.7612027,0.1033413223641558,0.47014940800909627
368,187.131,2.3618580995385284e+30,1245393441.0,6220.5,2.0309484563435634e+26,5.4490232,0.0641794686386535,2.6522731015919274
369,210.858,2.0102823792757293e+30,796680785.4300001,5844.0,1.0141892241779855e+26,10.6902243,0.0953182321464686,1.3244584276916875
370,153.676,1.7299165875073044e+30,570474000.0,4974.0,1.5287386434338834e+26,3.005156,0.0389096209174854,1.996423085322222
371,840.269,2.4855123383725636e+30,925281000.0,6090.0,2.220514230686088e+25,54.280749,0.3022547443985778,0.2899832414434513
372,52.9328,1.1135095275909088e+30,377468036.1000001,3700.0,3.1530966151794727e+25,7.7688701,0.0632755066011778,0.4117718159237405
373,664.306,1.710032488800324e+30,563517000.0,5279.0,4.801624789432309e+25,33.1995648,0.1922620839415463,0.6270577785059246
374,272.217,3.987832473905388e+30,1249658082.0,8208.0,8.580661212162178e+25,29.0501656,0.2332260849418627,1.1205728464356972
375,223.882,1.6509560361779363e+30,675860723.1,5354.96,6.1600018802309046e+26,48.05216,0.2431193491312172,8.044520894492027
376,134.058,3.0621512008749986e+30,1342701000.0,6327.0,2.898055752356971e+27,4.11379,0.0580284388499655,37.84653074223505
377,202.585,1.869105278456168e+30,598302000.0,5356.3,3.7672826905229775e+25,3.56004,0.0447011233696657,0.4919801147566245
378,1377.61,2.167366759060876e+30,709614000.0,6208.0,6.3389038722149845e+25,103.427002,0.4438170930463651,0.8278154071975447
379,178.26,2.2310704402933644e+30,1374598845.0,6115.26,2.404959349280492e+27,104.6159406,0.4515114298080714,31.407045179287618
380,132.802,1.8050387124222767e+30,609433895.7,5653.0,4.737649496995749e+25,38.7617056,0.2170350311008805,0.6187030639012295
381,511.571,3.8161562238437e+30,807012000.0,7998.0,6.685115936833784e+26,4.543204,0.0667138420506943,8.730282211203669
382,508.733,1.9954190154922606e+30,904410000.0,5814.1,3.878827300173361e+26,3.0407351,0.0411240778241905,5.065470412031929
383,303.728,2.4855123383725636e+30,980937000.0,6211.0,3.226388198432777e+25,5.859944,0.0685285510484207,0.42134317132809157
384,204.639,1.501647134351168e+30,549603000.0,4939.0,8.243433613823294e+25,3.6841446,0.0425121256689116,1.0765333394066048
385,356.391,3.260992187944803e+30,1182690000.0,6478.0,1.4044278040236796e+27,4.511164,0.0630153366882113,18.340820398987518
386,134.926,1.7890121288644503e+30,647001000.0,5622.0,1.667658530649083e+26,0.62627,0.0138296518013207,2.1778424999736443
387,204.888,1.9581860406634405e+30,693349229.6999999,5781.0,4.95378486283368e+25,7.0771422,0.0717721038124374,0.6469287933787136
388,1082.16,2.167366759060876e+30,786140999.9999999,6020.0,8.78716315220221e+25,40.0686727,0.2358584126425002,1.147540519558273
389,360.136,2.0401085273362004e+30,820926000.0,5904.0,1.5635760615561928e+27,4.7074183,0.055441975491968,20.41918256175087
390,78.0863,2.803657917684252e+30,1078335000.0,6040.0,6.139626954076491e+27,21.21663,0.1682015036193961,80.17912701449274
391,25.559,7.921824924861035e+29,197578799.99999997,3296.0,2.8758849615950464e+25,3.965347,0.0360768233915778,0.37556996107344603
392,631.413,1.7285247005978156e+30,800054999.9999999,5505.0,6.74383920068841e+26,9.325074,0.0827483100733732,8.806970584398385
393,36.9284,1.5066844386941333e+30,484201634.4,4958.0,2.0650484378941115e+25,11.1900486,0.0892608794464612,0.26968052331429804
394,290.313,1.487595703935432e+30,6059547000.000001,4886.0,3.485675179809833e+27,3.3513304,0.0397867881217108,45.52041924756907
395,155.141,2.045079552012945e+30,702657000.0,5914.0,5.827227931224873e+25,12.99844,0.109210225356503,0.7609941970983436
396,762.081,1.749800686214285e+30,591345000.0,5452.0,6.376861380431841e+25,21.80451088,0.1463853755239311,0.8327723856837574
397,928.149,2.261816227919033e+30,1013064426.0,6140.0,9.163572540227979e+26,3.1715218,0.0440991262183787,11.966968874576727
398,454.844,3.875013156016362e+30,1099206000.0,8072.0,4.842253936865009e+26,8.8088443,0.1042644111511408,6.323636539228894
399,334.967,1.3521187120746747e+30,459162000.0,4742.0,2.827834362155787e+25,7.6188,0.0666397338835919,0.36929489722285674
400,154.732,2.1462399041847087e+30,1552795512.57,6047.0,1.46823735500061e+26,30.8812601,0.1976007138582888,1.9174127394801017
401,216.526,2.2270190551818173e+30,883539000.0,5800.0,5.314051150359868e+26,3.28883,0.0449510173743402,6.939769880697979
402,776.708,1.908873475870129e+30,660915000.0,5630.0,7.572522889262813e+25,17.58752333,0.13057682460717,0.9889172079994621
403,330.916,1.94864167328409e+30,640044000.0,5484.0,6.073201314696992e+25,7.14921,0.0721472799813052,0.7931165577940548
404,330.706,1.4241256608627502e+30,598302000.0,4646.6,6.213023186179949e+26,3.2956376,0.0387770543514828,8.113762919389648
405,222.529,2.3475664035928864e+30,1133991000.0,6209.0,1.9333400597075242e+26,13.5499,0.11756077321627272,2.524803532347729
406,477.295,2.3264395487167199e+30,1224432000.0,5599.0,3.546939355324128e+26,4.733999,0.058146015931228,4.632048546441591
407,197.989,2.0878303642329526e+30,674829000.0,5636.0,1.7914046002945283e+26,8.2669928,0.0813331089945787,2.3394459965681507
408,2034.25,2.306555450009739e+30,960065999.9999999,6165.0,6.604606429732979e+25,35.676062,0.2228656676862714,0.8625142566010346
409,72.4646,1.5764272527683804e+30,556560000.0,5210.8,4.467584293270853e+25,5.8076,0.058522318178957804,0.5834344841754268
410,71.6456,1.454190418107705e+30,570474000.0,4760.0,2.846297710238892e+26,194.0674433,0.5910278707529759,3.717060781335881
411,324.6986504,1.3918869094886355e+30,486989999.99999994,4600.0,4.1032066382421553e+27,0.7668944,0.014560030746480402,53.584937435960825
412,1016.95,3.014429363978245e+30,1099206000.0,6976.0,3.371306197522044e+27,2.6269521,0.0428024752761404,44.02684232083375
413,337.209,2.743757070329473e+30,897453000.0,6613.0,5.2526985129747987e+26,5.9977892,0.0719242092795375,6.859647734151186
414,77.7751,1.2492781535621714e+30,480951324.00000006,4002.0,2.3904600537126304e+25,2.118659,0.0276498535416654,0.312176947725525
415,322.148,1.789568883628246e+30,584388000.0,5187.0,1.7460453779753856e+26,3.5357173,0.0438569500909346,2.2802101036579074
416,250.11,2.465628239665583e+30,1099206000.0,6225.0,4.89651855997445e+25,9.37647,0.0934988010293919,0.6394502247214567
417,1542.48,2.306555450009739e+30,786140999.9999999,6461.0,1.1254401186297864e+26,70.46829987,0.3508496869467808,1.4697441211621078
418,1042.02,2.266787252595777e+30,1022679000.0,6012.0,3.8716658381193325e+25,33.416423,0.2121196123348298,0.50561180559371
419,820.506,1.7696847849212654e+30,577431000.0,5243.0,5.579753707877862e+25,59.65829849,0.2874417258600726,0.7286758374732878
420,385.689,1.3123505146607137e+30,438291000.0,4016.0,4.989514455105748e+27,1.9416423,0.0265216188601807,65.15948220126782
421,50.0248,9.20236088159058e+29,262122367.50000003,3457.0,1.841536599696859e+25,18.7917401,0.1069982883452899,0.24049147942269586
422,317.929,1.7962499407937915e+30,570474000.0,5636.0,8.116028098768167e+25,2.7741774,0.0373517385030534,1.0598950924082766
423,135.047,1.2725823172467527e+30,424377000.0,3927.0,3.672388919980837e+26,2.3266508,0.029615565510853196,4.795876685410924
424,860.344,3.0748273138006985e+30,1050507000.0,7057.0,6.899857026603263e+27,2.2350716,0.0386871688408329,90.10718681377573
425,455.408,2.077888314879463e+30,774787176.0,5980.0,1.716223847184891e+27,9.6797966,0.090202235304944,22.41265322111692
426,205.737,2.2779720581184545e+30,714289104.0,6153.0,5.23907159671616e+25,3.9901801,0.0515161669209507,0.684185195832165
427,405.908,4.5335745051915555e+30,1036593000.0,6550.0,9.717122103515187e+26,3.73543,0.0620170710825498,12.689864924704876
428,636.445,2.3463236474237e+30,855711000.0,6065.0,5.067327346950303e+25,151.884058,0.5887641595422788,0.6617566279094145
429,255.337,2.435553540371275e+30,1106211699.0,6279.8,5.965805669461006e+25,3.5137767,0.048396550867485,0.7790914563594111
430,1139.32,3.272922647168992e+30,3798522000.0,7315.0,5.393907230343972e+27,1.19888,0.0260772307035249,70.44056196915835
431,180.022,2.5879154467135134e+30,911367000.0,6404.0,5.80369199867993e+25,5.5109534,0.0666653656254212,0.7579205730181825
432,341.925,1.749800686214285e+30,626130000.0,5227.0,2.903749378589499e+27,1.354133,0.0229566056049486,37.92088541952824
433,940.002,3.863878060740453e+30,2636703000.0,8058.0,6.944394053234795e+26,5.5553784,0.0766036235233661,9.068880845656404
434,67.3975,1.767815679642809e+30,612216000.0,5581.0,2.2224305154884157e+25,20.2749388,0.1399214961820977,0.2902334945023277
435,527.321,1.5708437978514603e+30,619173000.0,5232.0,9.109801972045487e+25,25.751974,0.1577812097829544,1.1896748366910823
436,1037.4,2.1872508577678563e+30,744399000.0,6689.45,2.6873915817534192e+25,54.414,0.2901197075527626,0.3509540768238692
437,812.524,1.849221179749188e+30,612216000.0,5654.0,2.144599214252375e+25,14.751166,0.11490822536821041,0.2800692844710256
438,156.571,1.945460217490973e+30,687976338.6,5773.0,4.035196842257227e+25,28.8752805,0.1828622269955878,0.5269677825116137
439,688.505,2.971181449290563e+30,1022679000.0,6918.0,2.9201459631247024e+27,3.095332,0.0475204227154818,38.13501306016266
440,87.7559,1.7791893841032022e+30,633087000.0,5603.0,1.9258022679382797e+25,2.5110467,0.0348398543950666,0.2514959716620883
441,973.989,1.789568883628246e+30,563517000.0,5177.0,6.642563937949835e+25,12.331,0.1008599935573815,0.8674712350872473
442,715.834,1.763679787111757e+30,1287045000.0,5573.0,3.359523892800843e+26,16.45209,0.12163345476681299,4.387297386696337
443,1314.53,2.167366759060876e+30,862668000.0,6100.0,4.2132834120710375e+26,3.38628,0.0454216922888328,5.502246119696254
444,302.819,2.2394466168736804e+30,1340356491.0,6122.0,2.333113318893489e+27,2.1032053,0.0334246674474892,30.468787523085584
445,248.46,2.107714462939934e+30,709614000.0,5659.0,2.26226748972463e+27,2.5495551,0.0372435260270051,29.543591777828542
446,1633.49,2.266787252595777e+30,876582000.0,6312.0,2.6684128276449904e+25,9.03502,0.0886938683813766,0.3484755875807628
447,843.695,1.8094529823352264e+30,640044000.0,5725.0,6.39584013454027e+26,3.21751883,0.0413365058677937,8.35250874926864
448,1148.8,2.6035741744452603e+30,1405314000.0,6425.0,9.00153586625232e+26,3.7482756,0.0516626573214988,11.755360593473036
449,1152.65,3.370752412807336e+30,1454013000.0,7438.0,1.832610899231167e+27,3.2006677,0.0506798228378794,23.93258469230586
450,440.089,1.6876310631970395e+30,702657000.0,5425.9,1.3544030193990582e+27,4.2166913,0.0483622080123631,17.68753257054266
451,543.011,2.0500505766896903e+30,1961874000.0,5924.0,4.796524040499373e+26,1.37936,0.0244984733863595,6.26391657258458
452,38.5653,1.5331965716290472e+30,558391778.1,5058.0,4.600265712180578e+25,4.1374379,0.0462508108078305,0.6007617263984458
453,1023.85,2.4059759435446416e+30,918324000.0,6267.0,7.060096528335253e+25,21.30022655,0.1602595207392881,0.9219979984355885
454,1357.01,1.8889893771631484e+30,681786000.0,5913.0,2.258471738902944e+25,3.701212,0.046037289266043,0.29494021992966407
455,192.351,1.2389781904319556e+30,426464100.0,3965.0,3.64725302152829e+26,3.524465,0.0387123112174082,4.763051003822697
456,75.8643,2.823542016391232e+30,980937000.0,6179.0,6.111158822913849e+26,2.87589,0.044488749263996,7.980735362802677
457,468.817,1.504563469490995e+30,820926000.0,4950.0,2.9111164944230458e+26,5.2018975,0.053539845036043,3.8017094671420364
458,101.694,1.962958224353116e+30,639290556.9,5784.0,3.7527136499316437e+25,10.7510107,0.0949224546482799,0.4900775024891541
459,200.802,1.789568883628246e+30,605259000.0,5441.0,2.8088556080473584e+25,19.0918,0.1349847339972867,0.3668164079797503
460,454.103,1.5259322462424904e+30,2087100000.0,5030.6,3.7710484435259196e+27,92.1951455,0.3656645550370123,49.24718951051482
461,268.655,2.2829430827952004e+30,1113120000.0,6157.0,3.904707752230459e+27,7.62897,0.0794160065407936,50.992684272566294
462,748.416,2.0758999050087653e+30,883539000.0,5976.0,1.357629515776389e+27,3.2738129,0.0437727453229051,17.729668300414332
463,577.235,2.0082939694050315e+30,820926000.0,5755.0,5.6746474784200014e+25,7.055784,0.0722398014786717,0.7410682836888198
464,43.0789,8.399043293828567e+29,245518791.3,3356.0,2.5380323928833706e+25,7.795385,0.05772989016881771,0.3314488373935779
465,99.66,1.7021583857123596e+30,544511171.6999999,5454.0,3.998716450472629e+25,10.1843061,0.0873078641820535,0.5222037048431919
466,787.446,2.6729945340560066e+30,848754000.0,6518.1,1.6241243451803898e+27,3.9460567,0.0539354098173002,21.209899743678456
467,42.4467,1.3194014160622088e+30,429607968.3,4253.9,3.3508472619125677e+25,36.2995129,0.1871365385416545,0.4375966328714273
468,584.136,1.7299165875073044e+30,577431000.0,5335.0,7.287841577636389e+25,148.4603382,0.5238648777238244,0.9517398693528656
469,233.266,2.073911495138067e+30,841797000.0,5972.0,6.014188871566015e+26,6.9839072,0.0725150456703659,7.854099557339857
470,567.678,2.33638159807021e+30,1127034000.0,6200.0,1.3896198778543816e+27,3.9714761,0.051790285662134,18.147439497830153
471,355.683,1.7972839139265544e+30,772227000.0000001,5638.0,6.747720906287453e+26,2.0845398,0.030877687579279105,8.812039813662418
472,928.978,1.789568883628246e+30,612216000.0,5491.0,6.016265052371707e+25,14.30511983,0.1113562005130865,0.7856810900647354
473,289.205,2.2469031538887973e+30,953109000.0000001,6001.0,1.2905552793731108e+27,2.1500082,0.0339593049702411,16.853726853123664
474,539.486,2.8563507792577504e+30,875496708.0,6764.0,4.495908343425929e+27,3.0958985,0.0469058922240395,58.71334020932994
475,410.945,2.3034485595867727e+30,1643486895.0000002,6173.5,3.0862656047952215e+27,12.3750537,0.1099655488211437,40.304416502542665
476,398.925,2.65741037169441e+30,1015722000.0,6497.2,5.0801993453067695e+26,1.9408546,0.0335413564011376,6.63437618625745
477,651.897,2.5849328319074664e+30,1210518000.0,6457.0,1.1007677382888297e+27,4.007232,0.0538910538517444,14.375237610017244
478,318.244,2.0163470293813582e+30,1092249000.0,5856.2,7.428433550024805e+26,19.8875338,0.1443249643860071,9.701001731557932
479,1144.86,2.1872508577678563e+30,716571000.0,5779.0,1.1007677382888298e+26,48.648,0.2692444685444309,1.4375237610017242
480,160.125,2.4457441409586023e+30,1043550000.0,6232.0,4.839582297649165e+25,13.774798,0.12050297366298,0.6320147569921374
481,364.285,2.1748232960759927e+30,758313000.0,6070.0,1.2914122270573684e+26,7.7605254,0.0790377351941814,1.6864917975603062
482,415.005,1.4950191021116447e+30,591345000.0,4914.0,5.238529734307611e+26,6.7206629,0.0633756948520524,6.841144324857851
483,519.917,2.054524498898761e+30,862668000.0,5933.0,1.7298435723935975e+27,5.7033411,0.0631571345152842,22.590517069454854
484,369.444,1.7993518601920802e+30,1071378000.0,5642.0,4.7884276091029484e+26,3.910946,0.0469885803461506,6.253343213549027
485,597.467,2.01808688801822e+30,1147905000.0,5859.7,6.56696068550986e+26,8.4844046,0.0818138090183391,8.575979922576181
486,42.972,1.0761274220217851e+30,347850000.0,3653.0,2.7344657242937997e+25,4.7244442,0.0449042514012199,0.3571016224029007
487,701.996,1.829337081042207e+30,584388000.0,5595.0,7.553544135154384e+25,2.422082,0.0343316285450311,0.9864387187563557
488,812.524,1.849221179749188e+30,612216000.0,5654.0,1.2867595285514251e+25,11.829851,0.0991866145324754,0.16804157068261533
489,313.996,1.7378304587926827e+30,779184000.0000001,5523.0,6.0468094402550575e+26,22.6539607,0.1498066096404673,7.896699681741017
490,755.648,3.697646995550095e+30,1384443000.0,7849.0,6.504302359186893e+27,6.4817847,0.0836637439653076,84.94152639870852
491,1072.3,2.067946265525973e+30,876582000.0,6474.0,9.413462037780337e+25,31.8099,0.1990788928254444,1.2293306645807847
492,73.5977,1.3113563097253643e+30,482419946.7,4225.0,4.60083127905301e+25,7.491237,0.0652191308295138,0.6008355853778905
493,120.221,2.3202257678707885e+30,1122045831.0,6187.0,4.3502067723115385e+25,6.0541142,0.068439931531726,0.5681058213233713
494,853.119,1.789568883628246e+30,598302000.0,5437.0,6.471755150973981e+25,3.31494634,0.0420117790486706,0.8451648318992895
495,605.274,1.710032488800324e+30,570474000.0,5293.0,3.5869845264929104e+25,8.30864937,0.0763529238922516,0.46843446694711355
496,891.092,1.869105278456168e+30,653958000.0,5560.0,7.876182954997663e+25,7.381998,0.0726882926148493,1.028573035889165
497,1432.61,2.2270190551818173e+30,786140999.9999999,6326.0,7.5915016433712415e+25,10.043686,0.0946180499546374,0.9913956972425685
498,1204.54,2.2071349564748368e+30,702657000.0,6046.0,2.068684197818663e+25,6.64752007,0.0716451284289569,0.27015532749859994
499,82.9631,5.965229612094153e+29,215667000.0,3390.0,3.39719698540863e+25,18.4498,0.0914830764967565,0.4436495745160494
500,915.212,1.94864167328409e+30,681786000.0,5769.0,8.426566824142078e+25,20.54981883,0.1458545308359125,1.1004492239392512
501,261.191,1.668037272331181e+30,549603000.0,5388.0,5.73642256389277e+25,10.4713134,0.0883422455156642,0.7491356670355616
502,702.71,3.688102628170745e+30,1098009396.0,7837.0,8.351510349607967e+26,2.9555854,0.0495217237072612,10.906473863847156
503,101.632,1.0737413301769476e+30,354807000.0,3778.0,2.9227281326979273e+25,5.444017,0.0493230740616417,0.38168734343838884
504,165.105,1.5095477489079385e+30,584388000.0,4968.8,8.39551796199577e+25,1.24357,0.0206456322843905,1.0963944651073136
505,342.831,2.2469031538887973e+30,1238346000.0,5645.0,1.028648472676803e+28,9.47725,0.0912963903636631,134.334116976368
506,1174.59,1.869105278456168e+30,1217475000.0,5623.0,7.28784157763639e+26,105.599,0.4283397603265485,9.517398693528659
507,290.736,2.5451646344935054e+30,973979999.9999999,6120.0,9.356525775455052e+26,4.463129,0.057606149978443495,12.218951968514656
508,735.596,2.2332328360277484e+30,1106163000.0,6117.0,2.5749270718914003e+26,1.2368321,0.0234396386498835,3.3626701800368752
509,463.05,2.2500100443117637e+30,2010573000.0,6130.5,3.5939101016121256e+26,1.82738,0.0304822117631918,4.693388974137941
510,309.143,1.5493689712479213e+30,605259000.0,5119.0,2.8240406989970527e+26,4.1659434,0.0466257975288146,3.6879947200805216
511,228.678,2.028178068112012e+30,716571000.0,5685.0,9.67916459529833e+25,16.092,0.1255777336608842,1.2640295139842748
512,170.562,2.1275985616469148e+30,807012000.0,5625.0,1.1345499206018319e+26,20.88977,0.1518411901767797,1.4816408695290184
513,373.744,1.252698218539772e+30,459162000.0,4625.0,3.7388145593603356e+25,10.139623,0.0786020650693659,0.488262380891965
514,189.09,1.7750534915721503e+30,793097999.9999999,5595.0,2.134826484399322e+26,9.86531,0.0866782334288933,2.7879303600507277
515,1800.82,2.0878303642329526e+30,807012000.0,5913.0,4.175325903854182e+26,288.822,0.8689963258948978,5.452676334834127
516,740.924,1.8563794552837003e+30,987894000.0,5717.0,9.73195961756214e+26,5.4462638,0.059208916260330105,12.709241654467911
517,487.525,1.5509596991444798e+30,507861000.0,4836.0,2.979664395023212e+25,6.9913086,0.0658733500342528,0.38912281116770814
518,336.25,1.372002810781655e+30,466119000.0,4684.0,4.30817718261318e+25,13.603,0.0985550153823145,0.5626170581851577
519,308.262,1.5310756004374993e+30,521775000.0,4730.0,2.541255175118523e+27,0.882059,0.0164993904421929,33.18697096519498
520,534.304,2.3301678172242786e+30,1259217000.0,6195.0,2.3351891220219736e+27,5.1904979,0.061853957504222595,30.495896023966953
521,1013.06,2.073911495138067e+30,1502712000.0,5972.0,7.547579947803284e+26,1.804272,0.029414659436058303,9.856598386407738
522,417.08,3.706395998981167e+30,1328787000.0,7860.0,6.492700703736673e+27,7.14386,0.0893384283443547,84.7900170948242
523,114.421,1.372267931434945e+30,500904000.0,4451.0,4.677856932177147e+25,5.830149,0.0560228441072323,0.6108945835408227
524,27.5024,1.3788959656628784e+30,480032999.99999994,4476.0,2.1251382100020523e+25,3.8167262,0.0423061576036188,0.2775278168162518
525,467.516,2.1449971480155223e+30,751356000.0,6046.0,1.2315215800375333e+27,5.74984,0.0644186804993073,16.082789056321545
526,374.763,1.613753682861124e+30,660915000.0,5283.0,1.5964557300941983e+26,3.8821916,0.0450916510805658,2.0848567464062038
527,396.11,3.618905964670453e+30,1245303000.0,6446.0,1.252597771156255e+27,3.47447,0.0548178596435062,16.358029004502384
528,182.014,1.8288200944758253e+30,675994297.5,5699.0,5.283335555135705e+25,7.0095704,0.0697081689077811,0.6899657515089694
529,344.901,1.710032488800324e+30,563517000.0,5247.0,3.074558165565352e+25,12.49341307,0.1002134740210577,0.4015152573832402
530,578.796,1.252698218539772e+30,431334000.0,4503.0,1.8845902829669104e+25,10.198545,0.0789062786707164,0.24611398184046762
531,321.296,2.0878303642329526e+30,1189647000.0,5430.0,8.76059289645041e+25,15.624,0.1243265324297159,1.144070634617924
532,980.138,1.8094529823352264e+30,556560000.0,5571.0,2.6949830833967902e+26,5.349555,0.05801382090126231,3.519454725211118
533,482.763,3.23394981370331e+30,1460970000.0,7266.0,1.5260937889337128e+27,11.18644,0.1151166392771391,19.92969094933389
534,779.544,2.66248081686469e+30,960065999.9999999,6504.0,2.527405898083124e+27,1.6563817,0.030197305328357103,33.00610933454772
535,427.299,1.6773430305260475e+30,605259000.0,5406.0,1.1429669411126574e+26,0.7409429,0.015141289688155903,1.4926328949675183
536,325.492,2.577849121743104e+30,1217475000.0,6394.3,2.2386688399888587e+27,5.41402,0.0657957963100874,29.235410328257146
537,159.507,1.8889893771631484e+30,925281000.0,5620.0,3.125800801658108e+26,4.17806203,0.0499110866355399,4.082071783396276
538,112.383,1.515963685420194e+30,484864636.5,4993.0,2.0241708775488865e+26,2.7556532,0.0351408059914318,2.6434220695163004
539,132.353,1.6895439134926512e+30,667872000.0,5429.6,3.9257728047183944e+26,7.0643645,0.0682450211839813,5.126777875821345
540,486.721,2.015253403952475e+30,1133991000.0,5854.0,5.381243531405346e+26,3.6088991,0.046251461405326,7.027518313860917
541,1369.24,1.94864167328409e+30,674829000.0,5682.0,4.137368395637326e+25,62.9228557,0.307553171136145,0.5403106549971999
542,98.8783,1.7305926468633417e+30,653958000.0,5509.0,2.969985027355245e+27,9.4496506,0.0835169316885203,38.785875513388895
543,543.607,1.6685542588975626e+30,674829000.0,5389.0,7.350672887711558e+26,3.7507206,0.044561075654401,9.599451880614543
544,780.137,2.002825842260612e+30,951842826.0,5829.0,1.2797259776064615e+27,3.7348347,0.0472238144897606,16.71230393470841
545,552.55,2.883194312512174e+30,1217475000.0,6681.0,1.7460453779753847e+25,15.6049212,0.1383363423032999,0.2280210103657907
546,348.661,2.525031984552688e+30,1426184999.9999998,6351.8,4.920230173152549e+27,2.4698771,0.0387232323554722,64.25467914329944
547,22.4035,1.82629203016622e+30,628169792.4,5694.11,4.494822411379726e+25,20.5459131,0.1427050858485247,0.5869915871522406
548,297.107,1.6980224931813076e+30,584388000.0,5446.0,1.5252907352174971e+26,7.1354222,0.0688166205897742,1.991920364344486
549,1780.38,2.067946265525973e+30,723528000.0,5849.0,3.1694519361074923e+25,9.93143556,0.091620298048801,0.4139077035987723
550,721.25,2.666954739073761e+30,1259217000.0,6510.0,7.3558692895652e+26,5.5436298,0.0676031772289122,9.60623800894706
551,615.12,2.1027434382631887e+30,2441907000.0,6012.0,6.693277465356803e+26,9.6926281,0.0906404821509267,8.740940582420262
552,197.906,1.4817630356441877e+30,549603000.0,4864.0,2.2137450594794805e+26,4.4199503,0.0477863201163865,2.8909923620662323
553,449.237,1.908873475870129e+30,897453000.0,6256.0,2.9037493785894994e+25,19.1541,0.1382199757472884,0.37920885419528244
554,2340.58,2.107714462939934e+30,744399000.0,5887.0,2.0117479354933785e+26,53.44945593,0.2831631372812046,2.6271985976928063
555,1514.66,2.0480621668189925e+30,737442000.0,6020.0,6.244010101672845e+25,13.83539963,0.1139146153568882,0.8154229609820124
556,455.982,2.366207746130681e+30,1140948000.0,6197.21,7.464343990844771e+25,15.413135,0.1284543679136738,0.9747898193137553
557,806.507,1.928757574577109e+30,626130000.0,5260.0,1.5942153451079603e+27,2.85057,0.0389509109771038,20.819309642093934
558,820.182,3.033816360217551e+30,577431000.0,7002.0,9.417487241739195e+25,2.6156239,0.0427706358055803,1.2298563273643552
559,565.752,1.869105278456168e+30,647001000.0,5661.0,9.242653250804483e+25,88.64399719,0.3811665136153572,1.207024261392827
560,44.8155,1.789568883628246e+30,598302000.0,5125.0,5.2495233863912135e+25,17.1784,0.1258080830424547,0.6855501246432362
561,483.206,5.769967762791604e+30,2177541000.0,9505.0,2.709790876714809e+26,3.7589382,0.0674839245556186,3.5387926418326066
562,72.9091,1.4430553228317956e+30,571216311.9,4718.0,3.2037647643853662e+25,15.9151934,0.1112759607613853,0.41838871301073904
563,2013.27,2.067946265525973e+30,737442000.0,5866.0,1.916854164951238e+25,8.10501635,0.080011598019356,0.25032741355374855
564,1028.89,2.693052618626673e+30,980937000.0,6545.0,3.967133298440663e+26,2.3365744,0.0381270994921988,5.180791715820827
565,786.966,2.681867813103996e+30,1558368000.0000002,6530.0,5.732552000720266e+27,3.8880894,0.053464933308038,74.8630199230193
566,595.141,2.045079552012945e+30,1001808000.0,5914.0,7.619958615026466e+26,4.9511615,0.0573861658513566,9.951119737555532
567,388.82,2.8660442773774034e+30,994851000.0,6777.0,1.4502368114279398e+27,4.3115751,0.0585621951101741,18.93905319888676
568,319.632,2.609539404057355e+30,869625000.0,6433.0,6.285197281412594e+26,169.2131245,0.6555055827074683,8.208017114181924
569,1398.834197,2.5650487332004857e+30,1356615000.0,6200.0,4.2132834120710383e+27,2.72474,0.0415641767286197,55.022461196962546
570,76.7418,1.4931632515733863e+30,503517744.9,4907.0,1.8455077142065063e+25,5.9044413,0.0581104246626152,0.24101007851192344
571,688.573,1.5708437978514603e+30,577431000.0,5036.0,2.4103017717703686e+25,6.475434,0.0628580425175797,0.3147681338745155
572,70.9325,1.047494319883733e+30,313065000.0,3617.0,1.916158954209492e+26,7.699087,0.061627675754077405,2.502366240142843
573,421.855,1.908873475870129e+30,619173000.0,5523.0,1.1235422432189437e+27,3.0440499,0.0405537317116372,14.672656319190015
574,434.684,1.5907278965584408e+30,480032999.99999994,4731.0,5.105284855167158e+25,3.295709,0.0402378841077983,0.6667136063956273
575,746.443,2.495454387726053e+30,855711000.0,6328.0,3.839369540422988e+26,1.170544,0.0234462893060415,5.013941406208017
576,47.2899,1.710032488800324e+30,598302000.0,5261.0,4.12028751693974e+25,8.509,0.0775754673425308,0.538080014678404
577,399.398,2.8676847155207287e+30,1036593000.0,6779.2,1.1062374304058819e+27,17.8739396,0.1511551921841625,14.446667868282708
578,133.752,2.0652271150277936e+30,2014677630.0,5954.53,2.1312738950689002e+27,1.6648359,0.0278400048310313,27.832909330418097
579,122.91,1.5907278965584408e+30,514818000.0,4775.0,7.78128918445552e+26,7.133521,0.0673294695363601,10.161805896736325
580,315.805,1.518084656611742e+30,619173000.0,5001.0,2.114427303397157e+26,3.4180406,0.0405865889841171,2.7612904919154455
581,693.951,1.80607268555504e+30,967022999.9999999,5655.0,3.8539762538412265e+27,1.8246201,0.0283003923531112,50.330167268941985
582,260.002,1.6959545469157815e+30,633087000.0,5442.0,5.3611758143436845e+26,16.9019988,0.12223507945290561,7.001311313871944
583,338.84,1.988409870698051e+30,653958000.0,5587.0,2.0060543092608502e+27,1.90231289,0.0300488047387695,26.197631299634875
584,165.593,2.0731658414365552e+30,1106163000.0,5970.5,1.5780855297362564e+26,4.6004209,0.0548919684857519,2.060866581550941
585,522.605,2.147482660353896e+30,841797000.0,6212.0,9.565292070647763e+25,35.59730148,0.217299405131172,1.249158578525636
586,875.519,2.067946265525973e+30,1106163000.0,5920.0,6.547670167407695e+25,5.868075,0.0645130317085455,0.8550787888717154
587,39.6345,1.224224189191376e+30,438291000.0,3912.0,5.9678149501584646e+25,3.4446778,0.0379738940896569,0.7793538540155787
588,755.197,1.486270098680573e+30,1941003000.0,4881.0,2.563240598491195e+27,4.0211797,0.0449125085642011,33.4740848348568
589,283.856,2.0905395726817795e+30,1057679667.0,6002.18,9.180269706474999e+25,5.5764964,0.062578645733358,1.1988774176809514
590,835.907,2.5227950234481528e+30,1648349768.43,6350.0,5.213929718058194e+27,5.3192932,0.064559826318437,68.09018467013817
591,444.586,2.4059759435446416e+30,946152000.0000001,6236.0,5.219157379817729e+27,0.9689951,0.0204228059978663,68.15845418542659
592,76.6986,1.5612994304721098e+30,577096368.3,5164.0,5.2783819105258666e+25,17.5288347,0.1218325056280363,0.6893188410316266
593,2346.01,2.386091844837661e+30,800054999.9999999,6250.0,7.610480397479667e+27,3.352057,0.0465844078889018,99.38741864856746
594,802.611,2.073911495138067e+30,1140948000.0,5972.0,6.849242456318092e+26,6.7604259,0.0709597139540034,8.944619680737409
595,937.013,1.928757574577109e+30,779184000.0000001,5471.0,8.122906758407227e+25,13.699429,0.1109255156998701,1.0607933960495484
596,518.63,2.760907105464244e+30,973979999.9999999,6636.0,2.475232773531815e+27,2.9884191,0.0452978245899592,32.32476572663277
597,139.11,1.6891354941052096e+30,737650710.0,5428.81,5.604698053765191e+25,4.9263116,0.0536622024660943,0.7319333902401797
598,568.676,2.5849328319074664e+30,1078335000.0,6350.0,2.0876629519270906e+25,7.16892463,0.0794187465129475,0.2726338167417063
599,346.327,2.0838535444915576e+30,1565325000.0,5992.0,2.1360575602633196e+26,2.9034242,0.0404571362258032,2.7895380568831616
600,308.901,1.9491188916530567e+30,876582000.0,5775.3,6.887064228485567e+26,3.6071013,0.0457246877311335,6.501660241664132
601,384.225,2.415917992898132e+30,1996659000.0,6264.0,1.2035547916434195e+26,11.0021787,0.1033028423244796,8.790877679093501
602,467.516,2.1449971480155223e+30,751356000.0,6046.0,1.2315215800375333e+27,5.74984,0.0644186804993073,9.62508994416798
603,1241.9,1.6070328574981647e+30,1808820000.0,5270.0,2.483676582554065e+27,0.689421,0.0142264650963377,15.3132829051207
604,465.992,1.955799948818603e+30,987894000.0,5779.5,1.2892552612869393e+27,3.4934251,0.0448099899258793,9.960352001403214
605,750.393,2.058501318640157e+30,820926000.0,5941.0,5.962456995456226e+27,3.485031,0.0455079451007186,21.400947631771462
606,583.038,2.755762094923813e+30,1029636000.0,6629.1,9.596034900384069e+26,1.2220299,0.0249402541061702,7.927392042433192
607,616.637,1.849221179749188e+30,556560000.0,5631.0,8.730226889876928e+25,10.558345,0.091945564416379,105.40912091613848
608,216.257,2.297707026085133e+30,912041759.43,6168.88,5.626397412275062e+25,8.7609931,0.0872769420908609,10.146840815258804
609,317.968,1.7904596912503188e+30,1488798000.0,5624.8,1.8287956116800025e+26,1.2427,0.0218439644074425,8.190624631097428
610,646.188,1.9993461249868903e+30,841657860.0,5822.0,1.3815405273366533e+27,3.4024901,0.044353339067947,10.47909706899923
611,1020.72,2.3264395487167199e+30,904410000.0,6174.0,5.672749603009159e+25,27.4029,0.1874557956659472,6.721044734037135
612,765.939,1.9693211359393496e+30,890496000.0,5788.0,4.301272996549844e+26,3.6173338,0.0459688511662753,7.062306627818623
613,403.772,1.6587315141363142e+30,2422357830.0,5370.0,4.750370234681974e+26,15.302253,0.1135519759640536,6.891724439756871
614,304.76,2.77209191098692e+30,1001808000.0,6651.0,1.6314994681502955e+26,5.24666,0.0660121029182536,8.40027886493489
615,153.444,1.277394269133842e+30,452205000.0,4103.0,1.4401365955812448e+26,12.3204105,0.0900791304444682,8.605171784418557
616,402.661,2.2560995495407762e+30,2768886000.0,6135.4,5.9544040500790894e+26,2.65646,0.039152006018492,6.595234229821366
617,547.599,1.812431620321532e+30,1307916000.0,5667.3,2.8339050772536958e+26,4.3497551,0.0505626110425647,7.595996424168492
618,92.4381,1.4290038944044694e+30,518994287.1000001,4665.0,6.1539270657221086e+25,9.6926638,0.0796903342956471,9.91885638442227
619,238.68,1.737313472226301e+30,1140948000.0,5522.0,8.410885248984906e+25,0.98656,0.0185413268519202,9.623487760111717
620,609.296,2.054524498898761e+30,723528000.0,5933.0,5.441254275981179e+26,5.3598588,0.0605952273423635,6.692125501873669
621,176.617,2.47047498872541e+30,1147905000.0,6307.9,6.658441639551962e+26,0.7649571,0.0175974856238378,6.5107318165329415
622,81.0643,1.310924824783423e+30,459737343.9,4223.45,2.2457902492802168e+26,4.7319745,0.0480086991305017,7.910712813081333
623,194.553,1.829337081042207e+30,674829000.0,5600.0,7.572522889262813e+26,2.78174,0.0376512616833656,8.026273906334406
624,354.09,2.1723377837376209e+30,765270000.0000001,6068.0,1.515176957153116e+26,5.3414857,0.0615908565602331,8.528870172211061
625,592.872,1.9613674964565573e+30,1158430941.0,5783.0,6.081845340085709e+26,5.6914383,0.06210121416520929,6.5789020615761
626,40.6988,1.4549857820559838e+30,540965188.8000001,4763.0,4.191922634534462e+25,20.0787128,0.1302794471592702,10.816700720249944
627,463.223,2.5277660481248973e+30,976790628.0,6354.0,1.0510267961149034e+26,41.464934,0.2539795150707315,9.149179764060506
628,630.124,1.5207888940358914e+30,1495755000.0,5011.2,4.8458523655802285e+26,5.0183771,0.0524603178726928,6.86186402362499
629,341.997,2.61625028737096e+30,1452517314.57,6442.0,4.966819332610443e+27,5.0037754,0.062737043228517,20.516317131324836
630,1013.06,2.073911495138067e+30,1502712000.0,5972.0,7.547579947803284e+26,1.804272,0.029414659436058303,6.627856712996845
631,821.496,2.027183863176663e+30,1140948000.0,5878.0,1.8357687475570127e+27,5.4521068,0.061015432648133194,12.751337175596113
632,437.495,2.067946265525973e+30,667872000.0,5839.0,5.674647478420002e+26,4.5195064,0.0542056243852674,5.286336711394179
633,1745.77,2.704237424149349e+30,1071378000.0,6457.0,2.2394929847945162e+29,3.00387658,0.0451447161941456,1604.7282890894799
634,1023.15,2.799681097942856e+30,1530540000.0000002,6688.0,6.947579029791765e+26,3.7028879,0.0525003634560421,6.498708561907096
635,913.915,2.63265466880422e+30,1120077000.0,6464.0,6.460161149655294e+27,3.8036198,0.052363473004967,21.691340544438315
636,41.9091,1.5574816835203694e+30,537183363.5999999,5149.6,1.0371825161854611e+26,33.6896948,0.1881791253730725,9.18273735054835
637,810.583,2.2804575704568277e+30,1266174000.0,6155.0,4.7135284893170265e+27,2.3483946,0.0361926563637914,20.21146775701687
638,153.676,1.7299165875073044e+30,570474000.0,4906.0,1.5763753162460382e+26,7.834435,0.0737028202367321,13.261312874102613
639,372.21,1.527363901349393e+30,570474000.0,5036.0,2.913171817577973e+26,6.0597024,0.059572722762022495,7.553898854031448
640,591.382,1.8288200944758253e+30,619173000.0,5699.0,3.1565123733863994e+26,1.2247985,0.0217870871607265,7.472368010757222
641,649.368,2.1760660522451796e+30,1168776000.0,6071.0,5.014678138454308e+26,3.609086,0.0474520075037404,6.812882172248435
642,1033.16,3.042267102168018e+30,1203561000.0,6407.0,1.0077718431575324e+27,138.317,0.6031890078232243,43.34892797090622
643,1259.28,2.4855123383725636e+30,2379294000.0,5028.0,9.451419545997195e+25,8.57503552,0.0883282970149922,9.16398253062238
644,927.754,2.4917261192184961e+30,807012000.0,6325.0,4.77189971436382e+26,1.1866441,0.023649002993463,6.883300663596363
645,379.963,1.7042263319778854e+30,667872000.0,5458.0,9.652326947879895e+26,4.0844,0.0475000077725036,7.964624474240525
646,107.355,1.3542396832662224e+30,564814480.5,4383.0,1.2466190271007551e+26,5.9444938,0.0565033472431636,8.765156241677772
647,582.817,1.7485320807167795e+30,834840000.0,5543.7,6.749412919152481e+26,4.6389448,0.0521518537362443,6.5075288120322545
648,665.583,1.815119950466716e+30,970779780.0,5672.5,3.5477307124341866e+26,3.1825049,0.0410752525771077,7.3486079946772245
649,639.004,2.2270190551818173e+30,834840000.0,5780.0,2.789876853938931e+27,2.1605156,0.0339690587387484,10.531215132866341
650,685.8,2.036628810062479e+30,820926000.0,5897.0,1.4584746743978572e+27,1.0664558,0.0205919881652433,10.895967308925744
651,497.376,1.89964725407009e+30,674829000.0,5744.2,5.1017148756043466e+26,4.162733,0.0498780083839789,6.7869694122661635
652,445.1,1.552815547694328e+30,723528000.0,5132.0,1.643689267598834e+27,0.7462909,0.014827836877761099,11.84447591659824
653,405.208,2.4709720911930842e+30,1192457628.0,6308.3,1.7503389225385807e+26,0.6468119,0.0157364594227476,8.259912578851493
654,557.087,2.744502724030985e+30,1273131000.0,6614.0,5.653441036111834e+26,8.7614828,0.0926059111481725,6.6540387440883775
655,284.388,1.7572174550319886e+30,1120077000.0,5560.5,1.381457836905003e+26,5.70426,0.05995707758426,8.660069086741029
656,550.183,2.820932228435941e+30,3318488999.9999995,6716.5,5.740068135833197e+26,2.06313,0.0356380849677427,6.637642324284201
657,87.4715,1.7904079925936803e+30,1001808000.0,5624.7,7.987666684600614e+27,0.8490649,0.0169450819329074,22.13903776092716
658,344.084,1.825304585824432e+30,1029636000.0,5692.2,5.900592753490283e+26,4.04003,0.0482466600040985,6.606111301986877
659,319.036,1.8786496458355185e+30,1034283276.0,5731.0,4.148888043891044e+26,4.5372221,0.0526309290243126,7.118897077106764
660,519.229,3.241108089237823e+30,1829691000.0,6217.0,1.8409391485175257e+27,18.251985,0.1596768064226197,21.97330599144175
661,341.514,2.8399463978244915e+30,1467927000.0,6742.0,3.351123435048727e+27,1.97741,0.0347216437620057,17.79763873333319
662,235.782,2.409704212052201e+30,862668000.0,6259.0,4.055569320152361e+26,11.44192,0.105946414129008,7.156960531399553
663,141.812,2.619232902177008e+30,896367708.0,6446.0,6.692086776281547e+26,11.2366049,0.1076251719069421,6.509611822304572
664,713.878,2.7206418055826084e+30,1936905327.0,6582.0,2.7890776775821795e+26,12.3810081,0.1162769253573339,7.6191639829104965
665,511.363,1.721183491355199e+30,939195000.0000001,5490.8,7.136986426431254e+26,3.5115299,0.0430895921100834,6.488091630673843
666,23.8853,9.297804555384088e+29,368721000.0,3469.0,1.2800507856978992e+26,6.44049,0.0525821681564883,8.742307688071781
667,324.413,1.411771008195616e+30,486989999.99999994,4405.0,6.699500200275118e+26,4.1480467,0.0450769415931265,14.949920164322553
668,221.791,1.4947539794699448e+30,2754972000.0,4913.0,5.606325159291171e+26,8.13664,0.0719867199687354,6.662759453065981
669,278.402,1.4385482617838197e+30,438291000.0,4701.0,5.7941274088231834e+26,10.7448417,0.0855474834509125,6.627183903716786
670,440.708,2.10895721910912e+30,869625000.0,6017.0,6.647095115493222e+26,4.3170598,0.0529151922481206,6.511092145043313
671,84.5362,1.8754681900424017e+30,680204673.9,5729.0,5.587981377358946e+25,6.2567421,0.0651680133973992,10.172015444651148
672,318.244,2.0163470293813582e+30,1092249000.0,5856.2,7.428433550024805e+26,19.8875338,0.1443249643860071,6.584938680209624
673,534.436,1.7149796525586206e+30,1137907791.0,5478.8,4.9193507811936827e+27,7.0673086,0.0686048426957991,20.46197623499961
674,745.116,2.1872508577678563e+30,765270000.0000001,5700.0,1.746045377975385e+27,2.8126548,0.0402575881181977,14.616722064010897
675,766.601,2.0246983508382907e+30,1085292000.0,5873.0,3.0081537861862067e+27,4.7156367,0.0553663738610953,16.92459520504488
676,350.351,4.4142699129496736e+30,1433142000.0,6820.0,3.3592394771917736e+27,2.69155,0.0494035920927048,17.352659943429316
677,58.0624,1.287165315238452e+30,438291000.0,4138.1,4.8140587201864465e+25,6.63371,0.05976975964404551,10.416311236346084
678,1039.14,1.531526307337661e+30,1370529000.0,5051.7,2.824930009252817e+27,0.8118599,0.015612098869265498,16.402435881894682
679,53.974,2.015104273212172e+30,760198347.0,5853.7,4.769563980116942e+25,16.7100422,0.1284842669421764,10.42644889044392
680,1695.32,2.376149795484171e+30,1954917000.0,6232.0,1.1268320849838624e+27,0.5993364,0.0147628697164337,8.99523251424857
681,377.872,1.6954375603494e+30,1383462063.0,5441.0,3.6635623379563516e+26,10.5305789,0.0891581762400044,7.3074991002762175
682,366.987,2.666805608333459e+30,1252260000.0,6509.8,5.731967510132113e+26,18.0954753,0.1487565834184029,6.639194822950643
683,347.85,1.869105278456168e+30,660915000.0,5295.0,6.68052144616669e+26,4.301219,0.0507079697625669,5.6557018935581285
684,124.68,1.5331965716290472e+30,569312181.0,5058.0,1.5534800684822862e+26,3.7701296,0.0434712916739395,8.487737462713316
685,302.295,2.679630851999461e+30,1259217000.0,6527.0,7.647511638112886e+27,5.01036,0.0632950901486327,22.086682401057484
